K,F,F_Hopf,DeltaF,iK
0.006,0.0005631567188904,0.0005546567188904616,8.499999999938353e-06,0
0.0060757142857142,0.0005744140344809,0.0005659140344809396,8.499999999960362e-06,1
0.0061514285714285,0.0005857622435022,0.0005772622435022551,8.499999999944967e-06,2
0.0062271428571428,0.0005972011267885,0.0005887011267885142,8.499999999985733e-06,3
0.0063028571428571,0.0006087304714337001,0.0006002304714337672,8.499999999932823e-06,4
0.0063785714285714,0.0006203500706109,0.0006118500706109725,8.499999999927511e-06,5
0.0064542857142857,0.0006320597233985,0.0006235597233985729,8.499999999927077e-06,6
0.00653,0.0006438592346143,0.0006353592346143994,8.499999999900623e-06,7
0.0066057142857142,0.0006557484146563,0.0006472484146563817,8.499999999918295e-06,8
0.0066814285714285,0.0006677270793498001,0.0006592270793498237,8.499999999976408e-06,9
0.0067571428571428,0.0006797950498008,0.0006712950498008116,8.499999999988335e-06,10
0.0068328571428571,0.0006919521522556001,0.000683452152255605,8.499999999995057e-06,11
0.0069085714285714,0.0007041982179654,0.0006956982179654667,8.499999999933366e-06,12
0.0069842857142857,0.0007165330830569,0.0007080330830569193,8.499999999980745e-06,13
0.00706,0.0007289565884069,0.0007204565884069633,8.499999999936727e-06,14
0.0071357142857142,0.0007414685795231,0.0007329685795230828,8.500000000017174e-06,15
0.0072114285714285,0.0007540689064279001,0.0007455689064279694,8.499999999930655e-06,16
0.0072871428571428,0.0007667574235483,0.0007582574235483405,8.499999999959495e-06,17
0.0073628571428571,0.0007795339896079999,0.0007710339896080803,8.499999999919596e-06,18
0.0074385714285714,0.0007923984675253,0.0007838984675253777,8.499999999922307e-06,19
0.0075142857142857,0.0008053507243134,0.0007968507243134235,8.499999999976517e-06,20
0.00759,0.0008183906309849,0.0008098906309849593,8.49999999994063e-06,21
0.0076657142857142,0.00083151806246,0.0008230180624600042,8.499999999995816e-06,22
0.0077414285714285,0.0008447328974771,0.0008362328974771405,8.499999999959495e-06,23
0.0078171428571428,0.0008580350185077,0.0008495350185076869,8.500000000013054e-06,24
0.0078928571428571,0.000871424311673,0.0008629243116730148,8.49999999998519e-06,25
0.0079685714285714,0.0008849006666647,0.0008764006666647159,8.499999999984106e-06,26
0.0080442857142857,0.0008984639766674,0.0008899639766674558,8.499999999944208e-06,27
0.00812,0.0009121141382845001,0.0009036141382845614,8.499999999938678e-06,28
0.0081957142857142,0.000925851051466,0.0009173510514660296,8.499999999970337e-06,29
0.0082714285714285,0.000939674619439,0.0009311746194390277,8.499999999972288e-06,30
0.0083471428571428,0.0009535847486406,0.0009450847486406067,8.499999999993322e-06,31
0.0084228571428571,0.0009675813486526999,0.0009590813486527669,8.49999999993304e-06,32
0.0084985714285714,0.0009816643321395,0.0009731643321395367,8.499999999963398e-06,33
0.0085742857142857,0.0009958336147861,0.0009873336147861941,8.499999999905935e-06,34
0.00865,0.0010100891152403,0.0010015891152403283,8.499999999971638e-06,35
0.0087257142857142,0.0010244307550549,0.0010159307550549335,8.499999999966434e-06,36
0.0088014285714285,0.0010388584586332,0.0010303584586332515,8.499999999948436e-06,37
0.0088771428571428,0.0010533721531752,0.0010448721531752525,8.499999999947569e-06,38
0.0089528571428571,0.0010679717686259,0.001059471768625933,8.499999999966867e-06,39
0.0090285714285714,0.0010826572376252,0.0010741572376252242,8.499999999975758e-06,40
0.0091042857142857,0.0010974284954593,0.0010889284954593223,8.49999999997771e-06,41
0.00918,0.0011452854800136,0.0011037854800136498,4.1499999999950214e-05,42
0.0092557142857142,0.0011602281317271,0.0011187281317271355,4.1499999999964525e-05,43
0.0093314285714285,0.001175256393548,0.0011337563935480272,4.1499999999972765e-05,44
0.0094071428571428,0.0011903702108908,0.0011488702108908358,4.149999999996431e-05,45
0.0094828571428571,0.0012055695315947,0.0011640695315947441,4.149999999995585e-05,46
0.0095585714285714,0.0012208543058831,0.0011793543058831735,4.149999999992658e-05,47
0.0096342857142857,0.0012362244863245,0.0011947244863245443,4.1499999999955635e-05,48
0.00971,0.0012516800277942,0.0012101800277942373,4.1499999999962574e-05,49
0.0097857142857142,0.0012672208874375001,0.0012257208874375605,4.149999999993959e-05,50
0.0098614285714285,0.001282847024634,0.001241347024633986,4.1500000000013965e-05,51
0.0099371428571428,0.0012985584009621,0.0012570584009621716,4.149999999992831e-05,52
0.0100128571428571,0.0013143549801661,0.0012728549801661881,4.149999999991183e-05,53
0.0100885714285714,0.0013302367281225,0.0012887367281225887,4.14999999999114e-05,54
0.0101642857142857,0.0013462036128085,0.0013047036128085374,4.1499999999962574e-05,55
0.01024,0.0013622556042706,0.0013207556042706889,4.149999999991118e-05,56
0.0103157142857142,0.001378392674595,0.0013368926745950457,4.1499999999954334e-05,57
0.0103914285714285,0.0013946147978777,0.0013531147978777316,4.149999999996843e-05,58
0.0104671428571428,0.0014109219501963,0.0013694219501963131,4.149999999998686e-05,59
0.0105428571428571,0.0014273141095822,0.0013858141095822382,4.1499999999961706e-05,60
0.0106185714285714,0.0014437912559938,0.0014022912559937956,4.1500000000004424e-05,61
0.0106942857142857,0.0014603533712899,0.0014188533712899895,4.149999999991053e-05,62
0.01077,0.0014770004392049,0.001435500439204991,4.14999999999088e-05,63
0.0108457142857142,0.0014937324453233,0.0014522324453233662,4.1499999999933734e-05,64
0.0109214285714285,0.001510549377056,0.001469049377056067,4.1499999999933083e-05,65
0.0109971428571428,0.0015274512236167,0.0014859512236167632,4.149999999993677e-05,66
0.0110728571428571,0.0015444379759992,0.0015029379759992217,4.1499999999978186e-05,67
0.0111485714285714,0.0015615096269548999,0.001520009626954956,4.1499999999943925e-05,68
0.0112242857142857,0.0015786661709717,0.0015371661709717016,4.149999999999835e-05,69
0.0113,0.0015959076042523,0.0015544076042523641,4.14999999999359e-05,70
0.0113757142857142,0.0016132339246944,0.0015717339246944656,4.1499999999934385e-05,71
0.0114514285714285,0.0016306451318703,0.0015891451318703828,4.1499999999917254e-05,72
0.0115271428571428,0.0016481412270078,0.0016066412270077865,4.150000000001353e-05,73
0.0116028571428571,0.0016657222129708,0.0016242222129708161,4.1499999999983824e-05,74
0.0116785714285714,0.0016833880942417,0.0016418880942417474,4.14999999999526e-05,75
0.0117542857142857,0.0017011388769029,0.0016596388769029718,4.1499999999928096e-05,76
0.01183,0.0017189745686197,0.0016774745686197051,4.149999999999488e-05,77
0.0119057142857142,0.0017368951786229,0.0016953951786228966,4.150000000000334e-05,78
0.0119814285714285,0.0017549007176928,0.0017134007176928395,4.1499999999960405e-05,79
0.0120571428571428,0.0017729911981429,0.0017314911981429204,4.149999999997949e-05,80
0.0121328571428571,0.001791166633804,0.0017496666338040687,4.149999999993135e-05,81
0.0122085714285714,0.0018094270400094,0.0017679270400094288,4.149999999997125e-05,82
0.0122842857142857,0.0018277724335795,0.0017862724335795457,4.1499999999954334e-05,83
0.01236,0.0018462028328078,0.0018047028328078557,4.149999999994436e-05,84
0.0124357142857142,0.0018647182574466,0.0018232182574465933,4.150000000000681e-05,85
0.0125114285714285,0.0018833187286931,0.0018418187286931356,4.149999999996431e-05,86
0.0125871428571428,0.0019020042691765,0.001860504269176548,4.149999999995195e-05,87
0.0126628571428571,0.0019207749029445,0.0018792749029445457,4.1499999999954334e-05,88
0.0127385714285714,0.0019396306554509,0.0018981306554509067,4.1499999999993365e-05,89
0.0128142857142857,0.001958571553543,0.001917071553543065,4.149999999993525e-05,90
0.01289,0.0019775976254501,0.001936097625450113,4.149999999998686e-05,91
0.0129657142857142,0.001996708900771,0.001955208900771041,4.1499999999959104e-05,92
0.0130414285714285,0.0020159054104634,0.0019744054104634465,4.1499999999953466e-05,93
0.0131171428571428,0.0020351871868323,0.0019936871868323006,4.149999999999944e-05,94
0.0131928571428571,0.0020545542635192,0.0020130542635192136,4.1499999999986426e-05,95
0.0132685714285714,0.0020740066754919,0.002032506675491888,4.1500000000012013e-05,96
0.0133442857142857,0.0020935444590339,0.002052044459033904,4.149999999999597e-05,97
0.01342,0.0021131676517347,0.0020716676517347,4.149999999999987e-05,98
0.0134957142857142,0.0021328762924799002,0.0020913762924798796,4.150000000002069e-05,99
0.0135714285714285,0.0021526704214418,0.0021111704214418353,4.149999999996474e-05,100
0.0136471428571428,0.0021725500800704,0.002131050080070425,4.149999999997515e-05,101
0.0137228571428571,0.0021925153110841002,0.002151015311084123,4.149999999997732e-05,102
0.0137985714285714,0.0022125661584612,0.0021710661584612503,4.149999999994956e-05,103
0.0138742857142857,0.0022327026674315,0.0021912026674315854,4.1499999999914435e-05,104
0.01395,0.002252924884468,0.002211424884468023,4.1499999999976885e-05,105
0.0140257142857142,0.0022732328572786,0.0022317328572786024,4.14999999999977e-05,106
0.0141014285714285,0.0022936266347988,0.0022521266347988594,4.1499999999940456e-05,107
0.0141771428571428,0.002314106267184,0.0022726062671839867,4.1500000000013314e-05,108
0.0142528571428571,0.0023346718058016,0.002293171805801658,4.149999999994176e-05,109
0.0143285714285714,0.0023553233032248,0.002313823303224813,4.1499999999987294e-05,110
0.0144042857142857,0.0023760608132247,0.0023345608132247023,4.14999999999977e-05,111
0.01448,0.0023968843907641,0.002355384390764173,4.149999999992701e-05,112
0.0145557142857142,0.002417794091991,0.002376294091991013,4.149999999998686e-05,113
0.0146314285714285,0.0024387899742317,0.002397289974231741,4.1499999999959104e-05,114
0.0147071428571428,0.0024598720959852,0.0024183720959852634,4.149999999993655e-05,115
0.0147828571428571,0.0024810405169169002,0.002439540516916916,4.149999999998426e-05,116
0.0148585714285714,0.0025022952978527,0.0024607952978527026,4.149999999999727e-05,117
0.0149342857142857,0.0025236365007735,0.002482136500773599,4.149999999990099e-05,118
0.01501,0.00254506418881,0.0025035641888100507,4.149999999994913e-05,119
0.0150857142857142,0.0025665784262367,0.0025250784262367335,4.149999999996648e-05,120
0.0151614285714285,0.0025881792784674,0.002546679278467412,4.149999999998816e-05,121
0.0152371428571428,0.0026098668120498,0.0025683668120498604,4.149999999993959e-05,122
0.0153128571428571,0.0026316410946612,0.002590141094661186,4.150000000001418e-05,123
0.0153885714285714,0.002653502195103,0.002612002195103033,4.149999999996691e-05,124
0.0154642857142857,0.0026754501832971,0.002633950183297179,4.149999999992094e-05,125
0.01554,0.0026974851302811,0.002655985130281112,4.149999999998816e-05,126
0.0156157142857142,0.0027196071082038,0.0026781071082038407,4.1499999999959104e-05,127
0.0156914285714285,0.0027418161903219,0.0027003161903218775,4.150000000002242e-05,128
0.0157671428571428,0.0027641124509952,0.0027226124509952265,4.1499999999973416e-05,129
0.0158428571428571,0.0027864959656837,0.002744995965683672,4.150000000002806e-05,130
0.0159185714285714,0.0028089668109431,0.0027674668109431075,4.14999999999925e-05,131
0.0159942857142857,0.002831525064422,0.002790025064422011,4.149999999998903e-05,132
0.01607,0.0028541708048581,0.002812670804858121,4.1499999999979054e-05,133
0.0161457142857142,0.0028769041120751,0.0028354041120751475,4.14999999999526e-05,134
0.0162214285714285,0.0028997250669797,0.0028582250669797263,4.149999999997385e-05,135
0.0162971428571428,0.0029226337515583,0.0028811337515583374,4.1499999999962574e-05,136
0.0163728571428571,0.0029456302488745,0.00290413024887453,4.1499999999969946e-05,137
0.0164485714285714,0.0029687146430661,0.0029272146430661047,4.14999999999951e-05,138
0.0165242857142857,0.0029918870193425,0.002950387019342547,4.149999999995303e-05,139
0.0166,0.0030151474639825,0.0029736474639825636,4.149999999993655e-05,140
0.0166757142857142,0.0030384960643316,0.0029969960643315974,4.150000000000247e-05,141
0.0167514285714285,0.0030619329087997,0.003020432908799754,4.149999999994566e-05,142
0.0168271428571428,0.0030854580868594,0.003043958086859387,4.150000000001288e-05,143
0.0169028571428571,0.0031090716890433,0.003067571689043286,4.150000000001418e-05,144
0.0169785714285714,0.0031327738069426,0.003091273806942664,4.149999999993612e-05,145
0.0170542857142857,0.0031565645332053,0.0031150645332053,4.149999999999987e-05,146
0.01713,0.0031804439615339,0.003138943961533934,4.149999999996604e-05,147
0.0172057142857142,0.0032044121866846,0.0031629121866845675,4.1500000000032396e-05,148
0.0172814285714285,0.0032284693044651,0.003186969304465069,4.1500000000031095e-05,149
0.0173571428571428,0.0032526154117337,0.00321111541173371,4.1499999999989896e-05,150
0.0174328571428571,0.0032768506063978,0.0032353506063978674,4.149999999993265e-05,151
0.0175085714285714,0.0033011749874128,0.003259674987412829,4.1499999999970814e-05,152
0.0175842857142857,0.0033255886547808,0.0032840886547807965,4.150000000000334e-05,153
0.01766,0.0033500917095498,0.003308591709549849,4.1499999999950864e-05,154
0.0177357142857142,0.0033746842538129,0.003333184253812946,4.1499999999954334e-05,155
0.0178114285714285,0.0033993663907073,0.003357866390707377,4.1499999999922675e-05,156
0.0178871428571428,0.0034241382244138002,0.0033826382244137934,4.150000000000681e-05,157
0.0179628571428571,0.0034489998601557,0.0034074998601557674,4.149999999993265e-05,158
0.0180385714285714,0.0034739514041992,0.003432451404199205,4.14999999999951e-05,159
0.0181142857142857,0.003498992963852,0.0034574929638520255,4.149999999997472e-05,160
0.01819,0.0035241246474637,0.003482624647463725,4.149999999997472e-05,161
0.0182657142857142,0.0035493465644251,0.0035078465644251336,4.149999999996648e-05,162
0.0183414285714285,0.0035746588251685,0.0035331588251684837,4.150000000001635e-05,163
0.0184171428571428,0.003600061541167,0.0035585615411670296,4.149999999997038e-05,164
0.0184928571428571,0.0036255548249353,0.003584054824935304,4.14999999999964e-05,165
0.0185685714285714,0.0036511387900291,0.0036096387900291307,4.149999999996908e-05,166
0.0186442857142857,0.0036768135510459,0.0036353135510459322,4.149999999996778e-05,167
0.01872,0.0037025792236248,0.003661079223624873,4.149999999992701e-05,168
0.0187957142857142,0.0037284359244473,0.0036869359244473265,4.1499999999973416e-05,169
0.0188714285714285,0.0037543837712374,0.003712883771237442,4.14999999999578e-05,170
0.0189471428571428,0.0037804228827624,0.0037389228827623827,4.150000000001722e-05,171
0.0190228571428571,0.0038065533788332,0.0037650533788332677,4.1499999999932216e-05,172
0.0190985714285714,0.0038657753803056,0.0037912753803056864,7.449999999991361e-05,173
0.0191742857142857,0.0038920890090805,0.0038175890090805104,7.44999999999895e-05,174
0.01925,0.0039184943881048,0.003843994388104899,7.449999999990103e-05,175
0.0193257142857142,0.003944991641373,0.0038704916413730486,7.449999999995134e-05,176
0.0194014285714285,0.0039715808939274,0.0038970808939273877,7.450000000001206e-05,177
0.0194771428571428,0.0039982622718596,0.0039237622718596155,7.44999999999843e-05,178
0.0195528571428571,0.0040250359023118,0.003950535902311876,7.449999999992359e-05,179
0.0196285714285714,0.004051901913478,0.003977401913478042,7.449999999995828e-05,180
0.0197042857142857,0.0040788604346051,0.0040043604346050865,7.450000000001379e-05,181
0.01978,0.0041059115959944,0.0040314115959944954,7.44999999999045e-05,182
0.0198557142857142,0.0041330555290037,0.0040585555290036865,7.450000000001379e-05,183
0.0199314285714285,0.0041602923660478,0.004085792366047759,7.450000000004068e-05,184
0.0200071428571428,0.004187622240601,0.004113122240601015,7.449999999998517e-05,185
0.0200828571428571,0.0042150452871986,0.004140545287198663,7.44999999999366e-05,186
0.0201585714285714,0.0042425616414387,0.004168061641438729,7.449999999997042e-05,187
0.0202342857142857,0.0042701714399838,0.004195671439983881,7.449999999991925e-05,188
0.02031,0.0042978748205634,0.004223374820563411,7.44999999999895e-05,189
0.0203857142857142,0.0043256719219752,0.004251171921975182,7.450000000001813e-05,190
0.0204614285714285,0.0043535628840879,0.004279062884087928,7.449999999997216e-05,191
0.0205371428571428,0.0043815478478431,0.004307047847843165,7.449999999993486e-05,192
0.0206128571428571,0.0044096269552576,0.004335126955257687,7.449999999991318e-05,193
0.0206885714285714,0.0044378003494257,0.004363300349425725,7.449999999997476e-05,194
0.0207642857142857,0.0044660681745214,0.004391568174521472,7.449999999992792e-05,195
0.02084,0.0044944305758014,0.0044199305758014715,7.449999999992879e-05,196
0.0209157142857142,0.0045228876996071,0.004448387699607155,7.449999999994527e-05,197
0.0209914285714285,0.0045514396933677,0.004476939693367689,7.450000000001119e-05,198
0.0210671428571428,0.0045800867056023,0.004505586705602284,7.45000000000164e-05,199
0.0211428571428571,0.0046088288859232,0.0045343288859232694,7.449999999993052e-05,200
0.0212185714285714,0.0046376663850388,0.004563166385038814,7.449999999998604e-05,201
0.0212942857142857,0.0046665993547559004,0.0045920993547559075,7.449999999999297e-05,202
0.02137,0.0046956279479831,0.004621127947983181,7.449999999991925e-05,203
0.0214457142857142,0.0047247523187342,0.004650252318734206,7.449999999999384e-05,204
0.0215214285714285,0.0047539726221305,0.004679472622130511,7.44999999999895e-05,205
0.0215971428571428,0.0047832890144047,0.004708789014404718,7.44999999999817e-05,206
0.0216728571428571,0.0048127016529039,0.004738201652903902,7.449999999999818e-05,207
0.0217485714285714,0.0048422106960929,0.004767710696092983,7.449999999991665e-05,208
0.0218242857142857,0.004871816303558,0.004797316303557994,7.450000000000599e-05,209
0.0219,0.0049015186360097,0.004827018636009789,7.449999999991144e-05,210
0.0219757142857142,0.0049313178552873,0.004856817855287368,7.449999999993226e-05,211
0.0220514285714285,0.0049612141243618,0.004886714124361813,7.44999999999869e-05,212
0.0221271428571428,0.0049912076073397,0.004916707607339713,7.449999999998777e-05,213
0.0222028571428571,0.0050212984694671,0.004946798469467162,7.449999999993833e-05,214
0.0222785714285714,0.0050514868771334,0.004976986877133417,7.449999999998257e-05,215
0.0223542857142857,0.005081772997875,0.005007272997875088,7.449999999991144e-05,216
0.02243,0.0051121570003799,0.005037657000379919,7.449999999998083e-05,217
0.0225057142857142,0.005142639054491,0.0050681390544909735,7.45000000000268e-05,218
0.0225814285714285,0.0051732193312108,0.005098719331210817,7.449999999998257e-05,219
0.0226571428571428,0.0052038980027057005,0.005129398002705676,7.45000000000242e-05,220
0.0227328571428571,0.0052346752423097,0.005160175242309724,7.44999999999765e-05,221
0.0228085714285714,0.0052655512245295,0.005191051224529543,7.449999999995741e-05,222
0.0228842857142857,0.0052965261250485,0.005222026125048525,7.449999999997563e-05,223
0.02296,0.0053276001207313,0.00525310012073138,7.449999999992012e-05,224
0.0230357142857142,0.0053587733896287,0.005284273389628731,7.449999999996869e-05,225
0.0231114285714285,0.0053900461109819,0.00531554611098195,7.44999999999496e-05,226
0.0231871428571428,0.0054214184652276,0.005346918465227626,7.449999999997389e-05,227
0.0232628571428571,0.0054528906340026,0.005378390634002604,7.449999999999558e-05,228
0.0233385714285714,0.0054844628001487,0.005409962800148778,7.449999999992185e-05,229
0.0234142857142857,0.0055161351477181,0.0054416351477181504,7.44999999999496e-05,230
0.02349,0.0055479078619778,0.005473407861977857,7.449999999994354e-05,231
0.0235657142857142,0.0055797811294152,0.005505281129415195,7.450000000000512e-05,232
0.0236414285714285,0.0056117551377431,0.0055372551377430995,7.450000000000078e-05,233
0.0237171428571428,0.0056438300759051,0.005569330075905085,7.450000000001466e-05,234
0.0237928571428571,0.0056760061340808,0.005601506134080843,7.449999999995741e-05,235
0.0238685714285714,0.0057412835036916,0.005633783503691654,0.00010749999999994618,236
0.0239442857142857,0.0057736623774057,0.005666162377405783,0.00010749999999991756,237
0.02402,0.0058061429491442,0.005698642949144239,0.00010749999999996093,238
0.0240957142857142,0.0058387254140863,0.0057312254140862995,0.00010750000000000082,239
0.0241714285714285,0.0058714099686755,0.0057639099686755055,0.00010749999999999475,240
0.0242471428571428,0.0059041968106252,0.005796696810625189,0.00010750000000001123,241
0.0243228571428571,0.0059370861389246,0.0058295861389246195,0.00010749999999998087,242
0.0243985714285714,0.0059700781538448,0.0058625781538448885,0.00010749999999991149,243
0.0244742857142857,0.006003173056945,0.005895673056945057,0.00010749999999994271,244
0.02455,0.0060363710510783,0.0059288710510783035,0.00010749999999999649,245
0.0246257142857142,0.0060696723403981,0.005962172340398142,0.00010749999999995832,246
0.0247014285714285,0.0061030771303648,0.005995577130364818,0.00010749999999998174,247
0.0247771428571428,0.0061365856277516,0.006029085627751611,0.00010749999999998868,248
0.0248528571428571,0.0061701980406514,0.006062698040651446,0.00010749999999995399,249
0.0249285714285714,0.0062039145784834,0.006096414578483381,0.00010750000000001904,250
0.0250042857142857,0.0062377354519993,0.006130235451999352,0.00010749999999994791,251
0.02508,0.0062716608732908,0.006164160873290844,0.00010749999999995572,252
0.0251557142857142,0.0063056910557958,0.006198191055795818,0.00010749999999998174,253
0.0252314285714285,0.0063398262143056,0.006232326214305639,0.00010749999999996093,254
0.0253071428571428,0.0063740665649719,0.006266566564971966,0.00010749999999993404,255
0.0253828571428571,0.0064084123253138996,0.006300912325313948,0.00010749999999995138,256
0.0254585714285714,0.0064428637142254,0.006335363714225446,0.00010749999999995399,257
0.0255342857142857,0.0064774209519822,0.0063699209519822025,0.00010749999999999735,258
0.02561,0.0065120842602493,0.006404584260249348,0.00010749999999995225,259
0.0256857142857142,0.0065468538620887,0.006439353862088708,0.00010749999999999215,260
0.0257614285714285,0.0065817299819666,0.0064742299819665755,0.00010750000000002424,261
0.0258371428571428,0.0066167128457611,0.006509212845761128,0.0001074999999999722,262
0.0259128571428571,0.0066518026807702,0.006544302680770227,0.00010749999999997307,263
0.0259885714285714,0.0066869997157194,0.006579499715719396,0.0001075000000000043,264
0.0260642857142857,0.0067223041807695,0.006614804180769519,0.00010749999999998087,265
0.02614,0.006757716307525,0.006650216307525082,0.00010749999999991756,266
0.0262157142857142,0.0067932363290421,0.006685736329042055,0.00010750000000004506,267
0.0262914285714285,0.0068288644798364,0.00672136447983647,0.00010749999999993057,268
0.0263671428571428,0.0068646009958923,0.006757100995892301,0.00010749999999999909,269
0.0264428571428571,0.0069004461146701,0.006792946114670129,0.00010749999999997133,270
0.0265185714285714,0.0069364000751156,0.006828900075115656,0.00010749999999994445,271
0.0265942857142857,0.0069724631176682,0.006864963117668252,0.00010749999999994791,272
0.02667,0.0070086354842696,0.006901135484269627,0.00010749999999997307,273
0.0267457142857142,0.0070449174183728,0.006937417418372761,0.00010750000000003899,274
0.0268214285714285,0.0070813091649508,0.0069738091649508074,0.00010749999999999215,275
0.0268971428571428,0.0071178109705059,0.007010310970505952,0.00010749999999994791,276
0.0269728571428571,0.0071544230830787,0.007046923083078763,0.0001074999999999375,277
0.0270485714285714,0.0072241457522572,0.007083645752257277,0.0001404999999999228,278
0.0271242857142857,0.0072609792291863,0.007120479229186363,0.00014049999999993668,279
0.0272,0.0072979237665772,0.007157423766577235,0.00014049999999996444,280
0.0272757142857142,0.0073349796187169,0.007194479618716915,0.00014049999999998525,281
0.0273514285714285,0.007372147041478,0.007231647041478044,0.00014049999999995576,282
0.0274271428571428,0.0074094262923285,0.007268926292328462,0.00014050000000003816,283
0.0275028571428571,0.0074468176303413,0.007306317630341272,0.00014050000000002776,284
0.0275785714285714,0.0074843213162047,0.007343821316204709,0.00014049999999999133,285
0.0276542857142857,0.0075219376122323,0.0073814376122323735,0.00014049999999992627,286
0.02773,0.0075596667823733,0.0074191667823733445,0.00014049999999995576,287
0.0278057142857142,0.0075975090922226,0.007457009092222647,0.00014049999999995316,288
0.0278814285714285,0.0076354648090317,0.0074949648090317095,0.00014049999999999046,289
0.0279571428571428,0.0076735342017188,0.007533034201718844,0.00014049999999995576,290
0.0280328571428571,0.00771171754088,0.007571217540880033,0.00014049999999996704,291
0.0281085714285714,0.0077500150987997,0.007609515098799716,0.0001404999999999844,292
0.0281842857142857,0.0077884271494617,0.007647927149461761,0.00014049999999993842,293
0.02826,0.0078269539685606,0.0076864539685606095,0.00014049999999999133,294
0.0283357142857142,0.0078655958335123,0.007725095833512295,0.0001405000000000052,295
0.0284114285714285,0.007904353023466,0.007763853023466043,0.00014049999999995663,296
0.0284871428571428,0.007943225819315398,0.0078027258193154175,0.00014049999999998092,297
0.0285628571428571,0.0079822145037101,0.007841714503710066,0.00014050000000003296,298
0.0286385714285714,0.008021319361067501,0.007880819361067493,0.00014050000000000867,299
0.0287142857142857,0.008060540677584702,0.007920040677584728,0.00014049999999997398,300
0.02879,0.0080998787412505,0.007959378741250502,0.00014049999999999827,301
0.0288657142857142,0.0081393338418571,0.007998833841857109,0.00014049999999999133,302
0.0289414285714285,0.0081789062710131,0.008038406271013064,0.00014050000000003643,303
0.0290171428571428,0.008218596322154999,0.008078096322155018,0.00014049999999998092,304
0.0290928571428571,0.0082584042905605,0.008117904290560501,0.00014049999999999827,305
0.0291685714285714,0.008298330473360701,0.008157830473360751,0.0001404999999999497,306
0.0292442857142857,0.0083383751695532,0.008197875169553205,0.0001404999999999948,307
0.02932,0.008378538680014699,0.008238038680014707,0.00014049999999999133,308
0.0293957142857142,0.0084188213075144,0.008278321307514422,0.00014049999999997745,309
0.0294714285714285,0.008459223356727299,0.008318723356727314,0.0001404999999999844,310
0.0295471428571428,0.0084997451342473,0.008359245134247316,0.0001404999999999844,311
0.0296228571428571,0.0085403869486009,0.008399886948600915,0.0001404999999999844,312
0.0296985714285714,0.008581149110261001,0.008440649110261024,0.00014049999999997745,313
0.0297742857142857,0.008622031931660501,0.008481531931660576,0.0001404999999999254,314
0.02985,0.0086630357272067,0.008522535727206751,0.0001404999999999497,315
0.0299257142857142,0.008704160813295,0.008563660813295008,0.00014049999999999133,316
0.0300014285714285,0.008745407508323599,0.008604907508323607,0.00014049999999999133,317
0.0300771428571428,0.0087867761327078,0.008646276132707797,0.00014050000000000173,318
0.0301528571428571,0.008828267008894601,0.008687767008894669,0.00014049999999993235,319
0.0302285714285714,0.008869880461377901,0.00872938046137793,0.0001404999999999705,320
0.0303042857142857,0.0089116168167129,0.008771116816712922,0.00014049999999997745,321
0.03038,0.0089534764035317,0.008812976403531736,0.00014049999999996357,322
0.0304557142857142,0.008995459552558399,0.008854959552558446,0.00014049999999995316,323
0.0305314285714285,0.0090375665966249,0.008897066596624904,0.0001404999999999948,324
0.0306071428571428,0.009112797870686001,0.008939297870686043,0.0001734999999999584,325
0.0306828571428571,0.009155153711835999,0.008981653711835978,0.00017350000000002086,326
0.0307585714285714,0.009197634459323902,0.009024134459323922,0.00017349999999997923,327
0.0308342857142857,0.009240240454570399,0.009066740454570434,0.00017349999999996535,328
0.03091,0.0092829720411839,0.009109472041183925,0.00017349999999997576,329
0.0309857142857142,0.0093258295649769,0.009152329564976927,0.0001734999999999723,330
0.0310614285714285,0.0093688133739833,0.009195313373983341,0.0001734999999999584,331
0.0311371428571428,0.009411923818474999,0.009238423818475006,0.0001734999999999931,332
0.0312128571428571,0.009455161250978901,0.009281661250978936,0.00017349999999996535,333
0.0312885714285714,0.0094985260262948,0.00932502602629482,0.00017349999999997923,334
0.0313642857142857,0.0095420185015124,0.009368518501512463,0.0001734999999999376,335
0.03144,0.009585639036029499,0.00941213903602952,0.00017349999999997923,336
0.0315157142857142,0.0096293879915695,0.009455887991569503,0.00017349999999999657,337
0.0315914285714285,0.009673265732199999,0.009499765732200058,0.00017349999999994106,338
0.0316671428571428,0.009717272624351,0.009543772624351084,0.00017349999999991678,339
0.0317428571428571,0.0097614090368334,0.009587909036833438,0.00017349999999996188,340
0.0318185714285714,0.0098056753408578,0.0096321753408578,0.00017350000000000004,341
0.0318942857142857,0.0098500719100536,0.009676571910053645,0.00017349999999995494,342
0.03197,0.0098945991204883,0.009721099120488394,0.00017349999999990637,343
0.0320457142857142,0.009906257350686901,0.009765757350686938,0.00014049999999996357,344
0.0321214285714285,0.0099840469816515,0.009810546981651493,0.00017350000000000698,345
0.0321971428571428,0.0100289683968811,0.009855468396881138,0.00017349999999996188,346
0.0322728571428571,0.0100410219823922,0.00990052198239224,0.0001404999999999601,347
0.0323485714285714,0.0101192081267387,0.009945708126738756,0.00017349999999994453,348
0.0324242857142857,0.0101645272210328,0.00999102722103281,0.00017349999999998963,349
0.0325,0.0101769796589656,0.010036479658965654,0.00014049999999994622,350
0.0325757142857142,0.0102555658368285,0.010082065836828545,0.00017349999999995494,351
0.0326514285714285,0.0103012861535345,0.010127786153534483,0.0001735000000000174,352
0.0327271428571428,0.0103471410106394,0.010173641010639417,0.0001734999999999827,353
0.0328028571428571,0.0103931308123642,0.010219630812364232,0.00017349999999996882,354
0.0328785714285714,0.0104392559656169,0.01026575596561688,0.00017350000000002086,355
0.0329542857142857,0.010485516880014801,0.010312016880014839,0.00017349999999996188,356
0.03303,0.010531913967907501,0.010358413967907543,0.0001734999999999584,357
0.0331057142857142,0.0105784476443994,0.010404947644399365,0.00017350000000003474,358
0.0331814285714285,0.0106251183273731,0.010451618327373069,0.00017350000000003127,359
0.0332571428571428,0.010671926437512701,0.010498426437512746,0.00017349999999995494,360
0.0333328571428571,0.0107188723983279,0.010545372398327875,0.00017350000000002433,361
0.0334085714285714,0.010765956636177298,0.010592456636177298,0.00017350000000000004,362
0.0334842857142857,0.0108131795802935,0.010639679580293486,0.00017350000000001392,363
0.03356,0.010860541662807099,0.010687041662807123,0.00017349999999997576,364
0.0336357142857142,0.0109080433187719,0.01073454331877189,0.00017350000000001045,365
0.0337114285714285,0.010955684986190001,0.010782184986190026,0.00017349999999997576,366
0.0337871428571428,0.0110034671060373,0.010829967106037307,0.0001734999999999931,367
0.0338628571428571,0.0110513901222891,0.010877890122289145,0.00017349999999995494,368
0.0339385714285714,0.011099454481946599,0.010925954481946679,0.00017349999999992025,369
0.0340142857142857,0.011147660635062999,0.010974160635063047,0.00017349999999995147,370
0.03409,0.0112290090347703,0.011022509034770325,0.00020649999999997407,371
0.0341657142857142,0.0112445001373065,0.011071000137306448,0.00017350000000005208,372
0.0342414285714285,0.0113261344020428,0.011119634402042777,0.00020650000000002264,373
0.0343171428571428,0.0113749122915116,0.011168412291511637,0.00020649999999996366,374
0.0343928571428571,0.0114238342714345,0.01121733427143446,0.00020650000000003998,375
0.0344685714285714,0.0114729008107502,0.011266400810750268,0.00020649999999993243,376
0.0345442857142857,0.011522112381644401,0.011315612381644392,0.00020650000000000876,377
0.03462,0.011571469459577599,0.011364969459577635,0.00020649999999996366,378
0.0346957142857142,0.0116209725233156,0.011414472523315587,0.00020650000000001223,379
0.0347714285714285,0.0116706220549589,0.011464122054958892,0.00020650000000000876,380
0.0348471428571428,0.0117204185399729,0.011513918539972953,0.0002064999999999463,381
0.0349228571428571,0.011770362467218801,0.011563862467218848,0.00020649999999995325,382
0.0349985714285714,0.011820454328984199,0.01161395432898419,0.00020650000000000876,383
0.0350742857142857,0.011870694621014501,0.011664194621014569,0.00020649999999993243,384
0.03515,0.0119210838425452,0.011714583842545277,0.00020649999999992202,385
0.0352257142857142,0.0119716224963334,0.01176512249633336,0.00020650000000003998,386
0.0353014285714285,0.0120223110886905,0.011815811088690453,0.00020650000000004692,387
0.0353771428571428,0.0120731501295155,0.011866650129515495,0.0002065000000000053,388
0.0354528571428571,0.012124140132328098,0.01191764013232812,0.00020649999999997753,389
0.0355285714285714,0.0122082816143026,0.011968781614302641,0.0002394999999999585,390
0.0356042857142857,0.0122595750963022,0.0120200750963022,0.00023950000000000013,391
0.03568,0.012311021102913398,0.012071521102913436,0.00023949999999996197,392
0.0357557142857142,0.012362620162481599,0.012123120162481592,0.00023950000000000707,393
0.0358314285714285,0.0124143728071462,0.012174872807146228,0.00023949999999997237,394
0.0359071428571428,0.0124662795728771,0.012226779572877086,0.000239500000000014,395
0.0359828571428571,0.012518340999510599,0.012278840999510605,0.0002394999999999932,396
0.0360585714285714,0.012570557630786901,0.012331057630786964,0.00023949999999993768,397
0.0361342857142857,0.012622930014387398,0.012383430014387464,0.0002394999999999342,398
0.03621,0.012675458701972401,0.012435958701972477,0.0002394999999999238,399
0.0362857142857142,0.012728144249219801,0.012488644249219825,0.00023949999999997584,400
0.0363614285714285,0.012780987215864001,0.012541487215863928,0.000239500000000073,401
0.0364371428571428,0.012833988165734899,0.012594488165734871,0.00023950000000002789,402
0.0365128571428571,0.0128871476667985,0.012647647666798524,0.00023949999999997584,403
0.0365885714285714,0.012940466291197099,0.012700966291197116,0.00023949999999998278,404
0.0366642857142857,0.0129939446152901,0.012754444615290149,0.00023949999999995156,405
0.03674,0.013047583219695801,0.012808083219695829,0.00023949999999997237,406
0.0368157142857142,0.013101382689333401,0.01286188268933338,0.00023950000000002095,407
0.0368914285714285,0.0131553436134657,0.012915843613465663,0.00023950000000003656,408
0.0369671428571428,0.0132094665857422,0.012969966585742253,0.0002394999999999481,409
0.0370428571428571,0.0132637522042433,0.01302425220424333,0.0002394999999999689,410
0.0371185714285714,0.0133512010715241,0.013078701071524097,0.0002725000000000019,411
0.0371942857142857,0.013405813794659702,0.013133313794659741,0.0002724999999999603,412
0.03727,0.013460590985291,0.013188090985291015,0.00027249999999998456,413
0.0373457142857142,0.0135155332596704,0.013243033259670405,0.00027249999999999497,414
0.0374214285714285,0.0135706412387092,0.013298141238709218,0.0002724999999999811,415
0.0374971428571428,0.0136259155480246,0.01335341554802462,0.0002724999999999811,416
0.0375728571428571,0.0136813568179881,0.013408856817988098,0.0002725000000000019,417
0.0376485714285714,0.013736965683774,0.013464465683774067,0.0002724999999999325,418
0.0377242857142857,0.0137927427854093,0.013520242785409378,0.0002724999999999221,419
0.0378,0.0138486887678233,0.013576188767823391,0.00027249999999990823,420
0.0378757142857142,0.0139048042808988,0.013632304280898823,0.0002724999999999776,421
0.0379514285714285,0.0139610899795234,0.013688589979523401,0.00027249999999999844,422
0.0380271428571428,0.014017546523641702,0.013745046523641731,0.0002724999999999707,423
0.0381028571428571,0.0140741745783085,0.01380167457830854,0.0002724999999999603,424
0.0381785714285714,0.0141309748137423,0.013858474813742298,0.0002725000000000019,425
0.0382542857142857,0.0141879479053796,0.01391544790537965,0.00027249999999994987,426
0.03833,0.014245094533930601,0.013972594533930592,0.00027250000000000885,427
0.0384057142857142,0.014302415385434399,0.014029915385434404,0.00027249999999999497,428
0.0384814285714285,0.0143599111513167,0.014087411151316752,0.00027249999999994813,429
0.0385571428571428,0.014417582528446701,0.014145082528446748,0.00027249999999995334,430
0.0386328571428571,0.0144754302191957,0.014202930219195657,0.00027250000000004354,431
0.0387085714285714,0.0145334549314961,0.014260954931496102,0.00027249999999999844,432
0.0387842857142857,0.014591657378902001,0.014319157378902013,0.00027249999999998803,433
0.03886,0.014650038280649699,0.0143775382806497,0.00027249999999999844,434
0.0389357142857142,0.014708598361719501,0.014436098361719461,0.00027250000000004007,435
0.0390114285714285,0.0148003383528987,0.014494838352898658,0.00030550000000004185,436
0.0390871428571428,0.014859258990844702,0.014553758990844747,0.0003054999999999551,437
0.0391628571428571,0.014918361018150202,0.014612861018150257,0.0003054999999999447,438
0.0392385714285714,0.014977645183407998,0.01467214518340805,0.0003054999999999482,439
0.0393142857142857,0.015037112241277701,0.01473161224127778,0.0003054999999999204,440
0.03939,0.0150967629525533,0.014791262952553313,0.00030549999999998634,441
0.0394657142857142,0.015156598084231001,0.014851098084230976,0.0003055000000000245,442
0.0395414285714285,0.015216618409579202,0.014911118409579219,0.00030549999999998287,443
0.0396171428571428,0.015276824708208701,0.014971324708208694,0.00030550000000000715,444
0.0396928571428571,0.015337217766143801,0.015031717766143787,0.0003055000000000141,445
0.0397685714285714,0.0153977983758953,0.015092298375895347,0.0003054999999999534,446
0.0398442857142857,0.015458567336534002,0.015153067336534029,0.00030549999999997246,447
0.03992,0.015387525453765101,0.015214025453765136,0.00017349999999996535,448
0.0399957142857142,0.015580673540004301,0.01527517354000426,0.00030550000000004185,449
0.0400714285714285,0.0156420124144547,0.015336512414454703,0.00030549999999999675,450
0.0401471428571428,0.0157035429031849,0.015398042903184916,0.00030549999999998287,451
0.0402228571428571,0.015765265839208398,0.01545976583920839,0.00030550000000000715,452
0.0402985714285714,0.0158271820625638,0.015521682062563831,0.000305499999999969,453
0.0403742857142857,0.015889292420397,0.015583792420397091,0.00030549999999991,454
0.04045,0.015951597767044,0.015646097767044065,0.0003054999999999343,455
0.0405257142857142,0.016014098964115,0.01570859896411496,0.00030550000000004185,456
0.0406014285714285,0.0160767968805802,0.01577129688058016,0.0003055000000000384,457
0.0406771428571428,0.0161396923928566,0.015834192392856633,0.0003054999999999655,458
0.0407528571428571,0.0160707863848964,0.01589728638489641,0.00017349999999998963,459
0.0408285714285714,0.016266079748276298,0.015960579748276353,0.0003054999999999447,460
0.0409042857142857,0.016329573382288902,0.016024073382288957,0.0003054999999999447,461
0.04098,0.016393268194034902,0.01608776819403495,0.00030549999999995164,462
0.0410557142857142,0.016457165098517,0.016151665098517017,0.00030549999999998287,463
0.0411314285714285,0.0165212650187356,0.016215765018735617,0.00030549999999998287,464
0.0412071428571428,0.0165855688857852,0.01628006888578526,0.00030549999999994124,465
0.0412828571428571,0.0166500776389534,0.016344577638953382,0.00030550000000001756,466
0.0413585714285714,0.0167477922258203,0.016409292225820313,0.0003384999999999881,467
0.0414342857142857,0.0168127136023608,0.016474213602360822,0.0003384999999999777,468
0.04151,0.0168778427330473,0.016539342733047323,0.0003384999999999777,469
0.0415857142857142,0.016943180590954898,0.016604680590954844,0.00033850000000005404,470
0.0416614285714285,0.0170087281578679,0.01667022815786791,0.0003384999999999916,471
0.0417371428571428,0.017074486424388302,0.016735986424388352,0.00033849999999994995,472
0.0418128571428571,0.0171404563900458,0.016801956390045794,0.00033850000000000546,473
0.0418885714285714,0.0172066390634096,0.01686813906340958,0.00033850000000001934,474
0.0419642857142857,0.0172730354622023,0.016934535462202346,0.0003384999999999534,475
0.04204,0.017339646613415798,0.01700114661341582,0.0003384999999999777,476
0.0421157142857142,0.017406473553428198,0.01706797355342822,0.0003384999999999777,477
0.0421914285714285,0.017473517328124098,0.017135017328124058,0.00033850000000004016,478
0.0422671428571428,0.017540778993015302,0.01720227899301527,0.0003385000000000332,479
0.0423428571428571,0.017608259613364798,0.017269759613364848,0.00033849999999994995,480
0.0424185714285714,0.017708960264312498,0.017337460264312536,0.00037149999999996214,481
0.0424942857142857,0.0177768820310025,0.017405382031002566,0.0003714999999999344,482
0.04257,0.0178450260087133,0.01747352600871338,0.0003714999999999205,483
0.0426457142857142,0.0179133933029898,0.017541893302989796,0.00037150000000000377,484
0.0427214285714285,0.0179819850297776,0.01761048502977758,0.0003715000000000211,485
0.0427971428571428,0.0180508023155596,0.01767930231555965,0.00037149999999995173,486
0.0428728571428571,0.0181198462974953,0.017748346297495284,0.00037150000000001765,487
0.0429485714285714,0.018189118123561603,0.017817618123561627,0.000371499999999976,488
0.0430242857142857,0.0182586189526973,0.017887118952697324,0.000371499999999976,489
0.0431,0.0183283499549488,0.017956849954948888,0.00037149999999991357,490
0.0431757142857142,0.018398312311619702,0.01802681231161963,0.00037150000000007316,491
0.0432514285714285,0.018468507215421398,0.01809700721542136,0.00037150000000003847,492
0.0433271428571428,0.018538935870628,0.018167435870628038,0.00037149999999996214,493
0.0434028571428571,0.018609599493233098,0.018238099493233108,0.0003714999999999899,494
0.0434785714285714,0.0186804993111089,0.018308999311108957,0.0003714999999999413,495
0.0435542857142857,0.0187516365641694,0.018380136564169466,0.0003714999999999344,496
0.04363,0.0188230125045354,0.01845151250453541,0.0003714999999999899,497
0.0437057142857142,0.018927628396702798,0.018523128396702795,0.0004045000000000021,498
0.0437814285714285,0.0189994855177145,0.018594985517714463,0.0004045000000000368,499
0.0438571428571428,0.0190715851573342,0.0186670851573342,0.0004044999999999986,500
0.0439328571428571,0.019143928618224802,0.01873942861822482,0.00040449999999998126,501
0.0440085714285714,0.019216517216128798,0.01881201721612879,0.000404500000000009,502
0.0440842857142857,0.019289352280052602,0.01888485228005265,0.0004044999999999535,503
0.04416,0.019362435152454498,0.018957935152454503,0.00040449999999999514,504
0.0442357142857142,0.019435767189435002,0.019031267189434993,0.000404500000000009,505
0.0443114285714285,0.0195093497609325,0.01910484976093242,0.0004045000000000784,506
0.0443871428571428,0.019583184250920302,0.019178684250920355,0.00040449999999994657,507
0.0444628571428571,0.019657272057609698,0.01925277205760975,0.00040449999999994657,508
0.0445385714285714,0.019731614593654898,0.019327114593654937,0.00040449999999996045,509
0.0446142857142857,0.019806213286363,0.01940171328636308,0.0004044999999999188,510
0.04469,0.0198810695779075,0.019476569577907547,0.0004044999999999535,511
0.0447657142857142,0.0199561849255459,0.019551684925545827,0.00040450000000007147,512
0.0448414285714285,0.0200315608018415,0.01962706080184145,0.00040450000000005065,513
0.0449171428571428,0.0201071986948895,0.019702698694889442,0.0004045000000000576,514
0.0449928571428571,0.0201831001085473,0.01977860010854733,0.0004044999999999674,515
0.0450685714285714,0.0202592665626696,0.019854766562669657,0.0004044999999999431,516
0.0451442857142857,0.020335699593347502,0.019931199593347472,0.00040450000000002984,517
0.04522,0.0204124007531524,0.020007900753152466,0.0004044999999999327,518
0.0452957142857142,0.0204893716113857,0.020084871611385648,0.00040450000000005065,519
0.0453714285714285,0.0205666137543316,0.02016211375433162,0.00040449999999998126,520
0.0454471428571428,0.0206441287855166,0.0202396287855166,0.0004045000000000021,521
0.0455228571428571,0.0207219183259729,0.020317418325972864,0.0004045000000000368,522
0.0455985714285714,0.0207999840145078,0.020395484014507796,0.0004045000000000021,523
0.0456742857142857,0.020878327507978398,0.02047382750797838,0.00040450000000001596,524
0.04575,0.0209569504815714,0.02055245048157145,0.00040449999999995004,525
0.0458257142857142,0.0210358546290891,0.02063135462908909,0.000404500000000009,526
0.0459014285714285,0.0211150416632409,0.02071054166324092,0.00040449999999998126,527
0.0459771428571428,0.021194513315940702,0.020790013315940693,0.000404500000000009,528
0.0460528571428571,0.021274271338610498,0.020869771338610565,0.0004044999999999327,529
0.0461285714285714,0.021354317502490602,0.020949817502490586,0.00040450000000001596,530
0.0462042857142857,0.0214346535989552,0.021030153598955215,0.00040449999999998473,531
0.0462799999999999,0.0215152814398359,0.021110781439835836,0.00040450000000006453,532
0.0463557142857142,0.021596202857751,0.021191702857750898,0.0004045000000001027,533
0.0464314285714285,0.0216774197064418,0.02127291970644174,0.00040450000000006106,534
0.0465071428571428,0.0217589338611165,0.021354433861116483,0.00040450000000001596,535
0.0465828571428571,0.021840747218800798,0.021436247218800872,0.00040449999999992575,536
0.0466585714285714,0.021922861698696602,0.021518361698696663,0.00040449999999993963,537
0.0467342857142857,0.0220052792425474,0.021600779242547448,0.0004044999999999535,538
0.04681,0.022088001815012498,0.02168350181501258,0.0004044999999999188,539
0.0468857142857142,0.022171031404049,0.02176653140404896,0.00040450000000004024,540
0.0469614285714285,0.0222873700213017,0.02184987002130169,0.0004375000000000108,541
0.0470371428571428,0.022371019702502,0.021933519702502048,0.0004374999999999518,542
0.0471128571428571,0.0224549825078754,0.02201748250787542,0.00043749999999997957,543
0.0471885714285714,0.0225392605225575,0.022101760522557537,0.0004374999999999622,544
0.0472642857142857,0.0226238558570201,0.022186355857020133,0.0004374999999999657,545
0.04734,0.022708770647506,0.02227127064750606,0.0004374999999999414,546
0.0474157142857142,0.0228270070564739,0.022356507056473844,0.0004705000000000542,547
0.0474914285714285,0.022912567273053,0.022442067273052993,0.00047050000000000564,548
0.0475671428571428,0.022998453513508398,0.0225279535135084,0.0004704999999999987,549
0.0476428571428571,0.023084668021716298,0.022614168021716292,0.00047050000000000564,550
0.0477185714285714,0.023171213069650698,0.022700713069650734,0.000470499999999964,551
0.0477942857142857,0.023258090957881,0.022787590957881007,0.00047049999999999176,552
0.04787,0.0233453040160808,0.02287480401608081,0.00047049999999999176,553
0.0479457142857142,0.023432854603549,0.02296235460354895,0.00047050000000004727,554
0.0480214285714285,0.0235207451097428,0.02305024510974278,0.0004705000000000195,555
0.0480971428571428,0.023608977954822898,0.02313847795482294,0.00047049999999995706,556
0.0481728571428571,0.023697555590212,0.02322705559021203,0.00047049999999997094,557
0.0482485714285714,0.0238194804991661,0.023315980499166118,0.0005034999999999831,558
0.0483242857142857,0.023908755197359702,0.023405255197359705,0.000503499999999997,559
0.0484,0.023998382233484702,0.0234948822334847,0.0005035000000000039,560
0.0484757142857142,0.024088364189864,0.02358486418986401,0.0005034999999999901,561
0.0485514285714285,0.024178703683079998,0.02367520368307991,0.0005035000000000872,562
0.0486271428571428,0.0242694033646173,0.023765903364617272,0.0005035000000000282,563
0.0487028571428571,0.024360465921523,0.02385696592152301,0.0005034999999999901,564
0.0487785714285714,0.0244518940770814,0.023948394077081443,0.0005034999999999554,565
0.0488542857142857,0.0244116905915066,0.024040190591506604,0.00037149999999999683,566
0.04893,0.0246358582626514,0.024132358262651407,0.0005034999999999935,567
0.0490057142857142,0.0247283999267346,0.024224899926734537,0.0005035000000000629,568
0.0490814285714285,0.0248213184590865,0.024317818459086475,0.0005035000000000248,569
0.0491571428571428,0.0249146167749127,0.024411116774912638,0.0005035000000000629,570
0.0492328571428571,0.0250082978300776,0.024504797830077592,0.0005035000000000074,571
0.0493085714285714,0.025102364621908402,0.02459886462190846,0.0005034999999999415,572
0.0493842857142857,0.025196820190019002,0.024693320190019005,0.000503499999999997,573
0.04946,0.0252916676171554,0.024788167617155417,0.0005034999999999831,574
0.0495357142857142,0.0253869100300635,0.024883410030063446,0.0005035000000000525,575
0.0496114285714285,0.0254825506003794,0.024979050600379325,0.0005035000000000733,576
0.0496871428571428,0.0255785925455424,0.025075092545542396,0.0005035000000000039,577
0.0497628571428571,0.0256750391297337,0.025171539129733668,0.0005035000000000317,578
0.0498385714285714,0.0257718936648381,0.025268393664838157,0.0005034999999999415,579
0.0499142857142857,0.0258691595114337,0.025365659511433707,0.0005034999999999935,580
0.04999,0.0259668400798059,0.02546334007980597,0.0005034999999999311,581
0.0500657142857142,0.026064938830991202,0.025561438830991136,0.0005035000000000664,582
0.0501414285714285,0.026163459277847502,0.02565995927784743,0.0005035000000000733,583
0.0502171428571428,0.026262404986155,0.025758904986154955,0.0005035000000000456,584
0.0502928571428571,0.026361779575747202,0.02585827957574719,0.0005035000000000109,585
0.0503685714285714,0.026461586721673,0.02595808672167306,0.0005034999999999415,586
0.0504442857142857,0.026561830155391798,0.0260583301553918,0.000503499999999997,587
0.05052,0.0266295136660016,0.026159013666001624,0.0004704999999999779,588
0.0505957142857142,0.026730641101502597,0.02626014110150253,0.0004705000000000681,589
0.0506714285714285,0.0268322163700964,0.0263617163700963,0.0004705000000000993,590
0.0507471428571428,0.0269342434415222,0.026463743441522122,0.0004705000000000785,591
0.0508228571428571,0.0270367263484322,0.026566226348432184,0.00047050000000001604,592
0.0508985714285714,0.0271726691878066,0.02666916918780666,0.0005034999999999415,593
0.0509742857142857,0.027276076122410002,0.02677257612240997,0.0005035000000000317,594
0.05105,0.0274129513822903,0.026876451382290313,0.0005364999999999884,595
0.0511257142857142,0.027517299266323098,0.02698079926632299,0.0005365000000001063,596
0.0512014285714285,0.0276221241438011,0.027085624143801015,0.0005365000000000855,597
0.0512771428571428,0.0277274304560715,0.027190930456071488,0.0005365000000000127,598
0.0513528571428571,0.027833222718223402,0.02729672271822342,0.0005364999999999814,599
0.0514285714285714,0.027939505520826,0.027403005520826,0.0005364999999999988,600
0.0515042857142857,0.0280462835317201,0.027509783531720115,0.0005364999999999849,601
0.05158,0.028186561497865498,0.027617061497865518,0.0005694999999999797,602
0.0516557142857142,0.0282943442472451,0.027724844247245015,0.0005695000000000838,603
0.0517314285714285,0.028402636690829,0.027833136690828965,0.0005695000000000353,604
0.0518071428571428,0.0285114438246006,0.02794194382460055,0.0005695000000000491,605
0.0518828571428571,0.0286207707316463,0.028051270731646323,0.0005694999999999763,606
0.0519585714285714,0.0287306225843133,0.028161122584313372,0.0005694999999999277,607
0.0520342857142857,0.0288410046464357,0.02827150464643568,0.0005695000000000214,608
0.05211,0.028951922275633,0.028382422275633076,0.0005694999999999242,609
0.0521857142857142,0.0290633809256848,0.028493880925684695,0.0005695000000001046,610
0.0522614285714285,0.0291753861489819,0.028605886148981907,0.0005694999999999936,611
0.0523371428571428,0.0292879435990605,0.028718443599060506,0.0005694999999999936,612
0.0524128571428571,0.0294010590332196,0.028831559033219593,0.0005695000000000075,613
0.0524885714285714,0.0295147383152272,0.028945238315227224,0.0005694999999999763,614
0.0525642857142857,0.029628987418118598,0.029059487418118632,0.0005694999999999659,615
0.05264,0.0297438124270896,0.029174312427089635,0.0005694999999999659,616
0.0527157142857142,0.029859219542489802,0.029289719542489684,0.0005695000000001185,617
0.0527914285714285,0.029975215082919802,0.029405715082919816,0.0005694999999999867,618
0.0528671428571428,0.030091805488437,0.029522305488436942,0.0005695000000000561,619
0.0529428571428571,0.03020899732387335,0.02963949732387334,0.000569500000000011,620
0.0530185714285714,0.0303267972822726,0.02975729728227261,0.0005694999999999902,621
0.0530942857142857,0.030445212188449602,0.02987571218844961,0.0005694999999999936,622
0.05317,0.030564249002678498,0.029994749002678553,0.000569499999999945,623
0.0532457142857142,0.0306839148245153,0.030114414824515143,0.0005695000000001567,624
0.0533214285714285,0.0308042168967605,0.03023471689676041,0.0005695000000000908,625
0.0533971428571428,0.0309251626095691,0.030355662609569026,0.0005695000000000734,626
0.0534728571428571,0.031046759504713,0.03047725950471295,0.0005695000000000491,627
0.0535485714285714,0.0311360152800047,0.030599515280004742,0.0005364999999999572,628
0.0536242857142857,0.0312589377938889,0.03072243779388889,0.0005365000000000092,629
0.0537,0.0313825350702089,0.030846035070208937,0.0005364999999999606,630
0.0537757142857142,0.0315068153031588,0.03097031530315874,0.0005365000000000578,631
0.0538514285714285,0.0316317868624271,0.03109528686242709,0.0005365000000000057,632
0.0539271428571428,0.031757458298543303,0.031220958298543214,0.000536500000000089,633
0.0540028571428571,0.0318838383484359,0.0313473383484359,0.0005365000000000023,634
0.0540785714285714,0.032010935941213806,0.03147443594121385,0.0005364999999999537,635
0.0541542857142857,0.0321387602041799,0.031602260204179916,0.0005364999999999814,636
0.05423,0.0322673204690901,0.03173082046909012,0.0005364999999999814,637
0.0543057142857142,0.032396626278670196,0.03186012627867002,0.0005365000000001757,638
0.0543814285714285,0.032526687393402295,0.0319901873934022,0.0005365000000000925,639
0.0544571428571428,0.0326575137985963,0.0321210137985962,0.0005365000000000994,640
0.0545328571428571,0.0327891157117596,0.03225261571175955,0.0005365000000000508,641
0.0546085714285714,0.032921503590281995,0.032385003590282,0.0005364999999999953,642
0.0546842857142857,0.0330546881394516,0.03251818813945162,0.0005364999999999814,643
0.05476,0.0331886803208194,0.032652180320819506,0.0005364999999998912,644
0.0548357142857142,0.033323491360931795,0.03278699136093165,0.000536500000000148,645
0.0549114285714285,0.0334591327604499,0.032922632760449856,0.0005365000000000439,646
0.0549871428571428,0.033562616303679405,0.03305911630367932,0.0005035000000000872,647
0.0550628571428571,0.033699954068529506,0.03319645406852944,0.0005035000000000664,648
0.0551385714285714,0.0338381584369296,0.03333465843692955,0.0005035000000000456,649
0.0552142857142857,0.034010242105726396,0.03347374210572643,0.0005364999999999676,650
0.05529,0.0341502180980901,0.03361371809809017,0.0005364999999999329,651
0.0553657142857142,0.0343240997754592,0.0337545997754591,0.0005695000000000977,652
0.0554414285714285,0.0344659008500545,0.03389640085005443,0.00056950000000007,653
0.0555171428571428,0.0346086353979973,0.03403913539799722,0.0005695000000000838,654
0.0555928571428571,0.034521317873066296,0.034182817873066235,0.000338500000000061,655
0.0556685714285714,0.034731963121133094,0.034327463121133085,0.000404500000000009,656
0.0557442857142857,0.0350425863953162,0.03447308639531625,0.000569499999999945,657
0.0558199999999999,0.0350572033718996,0.03461970337189946,0.0004375000000001461,658
0.0558957142857142,0.035336830167061795,0.034767330167061704,0.0005695000000000908,659
0.0559714285714285,0.035485483354467995,0.03491598335446787,0.0005695000000001255,660
0.0560471428571428,0.0354371799837793,0.03506567998377917,0.00037150000000012867,661
0.0561228571428571,0.035653937600139005,0.035216437600138956,0.00043750000000004896,662
0.0561985714285714,0.035805774264699594,0.035368274264699656,0.00043749999999993794,663
0.0562742857142857,0.036123708576258906,0.03552120857625893,0.000602499999999978,664
0.05635,0.036244759694079906,0.035675259694079905,0.0005695000000000006,665
0.0564257142857142,0.0363999473619747,0.035830447361974584,0.0005695000000001185,666
0.0565014285714285,0.036556291933739604,0.03598679193373948,0.0005695000000001255,667
0.0565771428571428,0.0367138144000336,0.03614431440003356,0.0005695000000000422,668
0.0566528571428571,0.036872536416804394,0.03630303641680435,0.0005695000000000422,669
0.0567285714285714,0.036867480335369796,0.036462980335369766,0.00040450000000002984,670
0.0568042857142857,0.037193669234276,0.03662416923427607,0.0005694999999999312,671
0.05688,0.037356126953062105,0.036786626953062146,0.0005694999999999589,672
0.0569557142857142,0.0373548781280717,0.036950378128071476,0.0004045000000002241,673
0.0570314285714285,0.0375199482304664,0.03711544823046622,0.0004045000000001825,674
0.0571071428571428,0.037653363606609605,0.03728186360660946,0.00037150000000014255,675
0.0571828571428571,0.0378211515210021,0.03744965152100207,0.00037150000000003153,676
0.0572585714285714,0.037957340201971904,0.0376188402019719,0.00033850000000000546,677
0.0573342857142857,0.0383919588903354,0.03778945889033536,0.0006025000000000405,678
0.05741,0.038300037891271496,0.037961537891271574,0.0003384999999999222,679
0.0574857142857142,0.03840760862967195,0.038135108629671816,0.00027250000000013375,680
0.0575614285714285,0.03861570370925545,0.038310203709255315,0.00030550000000013205,681
0.0576371428571428,0.038594356975766006,0.03848685697576591,0.00010750000000009363,682
0.0577128571428571,0.038739603584604404,0.03866510358460434,7.450000000006063e-05,683
0.0577885714285714,0.0390844800732799,0.03884498007327984,0.0002395000000000591,684
0.0578642857142857,0.039497024439109296,0.03902652443910934,0.00047049999999995706,685
0.05794,0.0396802762226362,0.0392097762226362,0.0004704999999999987,686
