K,F,F_Hopf,DeltaF_Ffront_minus_FHopf,iK
0.006,0.0005631567188904617,0.0005546567188904616,8.500000000000044e-06,0
0.006075714285714286,0.0005744140344809397,0.0005659140344809396,8.500000000000044e-06,1
0.006151428571428572,0.000585762243502269,0.000577262243502269,8.500000000000044e-06,2
0.006227142857142857,0.0005972011267885351,0.000588701126788535,8.500000000000044e-06,3
0.006302857142857143,0.0006087304714337742,0.0006002304714337742,8.500000000000044e-06,4
0.006378571428571429,0.0006203500706109726,0.0006118500706109725,8.500000000000044e-06,5
0.006454285714285714,0.0006320597233985799,0.0006235597233985798,8.500000000000044e-06,6
0.00653,0.0006438592346143994,0.0006353592346143994,8.500000000000044e-06,7
0.006605714285714286,0.0006557484146563887,0.0006472484146563887,8.500000000000044e-06,8
0.006681428571428572,0.0006677270793498237,0.0006592270793498237,8.500000000000044e-06,9
0.006757142857142857,0.0006797950498008186,0.0006712950498008186,8.500000000000044e-06,10
0.006832857142857143,0.000691952152255612,0.000683452152255612,8.500000000000044e-06,11
0.006908571428571429,0.0007041982179654667,0.0006956982179654667,8.500000000000044e-06,12
0.006984285714285715,0.0007165330830569332,0.0007080330830569331,8.500000000000044e-06,13
0.00706,0.0007289565884069633,0.0007204565884069633,8.500000000000044e-06,14
0.007135714285714286,0.0007414685795231037,0.0007329685795231036,8.500000000000044e-06,15
0.007211428571428572,0.0007540689064279903,0.0007455689064279902,8.500000000000044e-06,16
0.007287142857142857,0.0007667574235483475,0.0007582574235483405,8.500000000006983e-06,17
0.007362857142857143,0.0007795339896080873,0.0007710339896080873,8.500000000000044e-06,18
0.007438571428571429,0.0007923984675253847,0.0007838984675253846,8.500000000000044e-06,19
0.007514285714285715,0.0008053507243134235,0.0007968507243134235,8.500000000000044e-06,20
0.00759,0.0008183906309849594,0.0008098906309849593,8.500000000000044e-06,21
0.007665714285714286,0.0008315180624600181,0.0008230180624600181,8.500000000000044e-06,22
0.007741428571428572,0.0008447328974771613,0.0008362328974771613,8.500000000000044e-06,23
0.007817142857142858,0.0008580350185077008,0.0008495350185077008,8.500000000000044e-06,24
0.007892857142857142,0.0008714243116730149,0.0008629243116730148,8.500000000000044e-06,25
0.007968571428571429,0.0008849006666647159,0.0008764006666647159,8.500000000000044e-06,26
0.008044285714285714,0.0008984639766674558,0.0008899639766674558,8.500000000000044e-06,27
0.00812,0.0009121141382845614,0.0009036141382845614,8.500000000000044e-06,28
0.008195714285714285,0.0009258510514660505,0.0009173510514660504,8.500000000000044e-06,29
0.008271428571428572,0.0009396746194390486,0.0009311746194390486,8.500000000000044e-06,30
0.008347142857142857,0.0009535847486406206,0.0009450847486406205,8.500000000000044e-06,31
0.008422857142857143,0.0009675813486527739,0.0009590813486527738,8.500000000000044e-06,32
0.008498571428571428,0.0009816643321395506,0.0009731643321395506,8.500000000000044e-06,33
0.008574285714285715,0.000995833614786194,0.0009873336147861941,8.499999999999827e-06,34
0.00865,0.0010100891152403282,0.0010015891152403283,8.499999999999827e-06,35
0.008725714285714286,0.0010244307550549541,0.0010159307550549543,8.499999999999827e-06,36
0.008801428571428571,0.0010388584586332721,0.0010303584586332723,8.499999999999827e-06,37
0.008877142857142858,0.0010533721531752595,0.0010448721531752594,8.500000000000044e-06,38
0.008952857142857143,0.00106797176862594,0.00105947176862594,8.500000000000044e-06,39
0.00902857142857143,0.001082657237625231,0.0010741572376252312,8.499999999999827e-06,40
0.009104285714285714,0.001130428495459329,0.0010889284954593292,4.149999999999987e-05,41
0.00918,0.00114528548001365,0.0011037854800136498,4.150000000000009e-05,42
0.009255714285714286,0.001160228131727156,0.0011187281317271563,4.1499999999999653e-05,43
0.009331428571428572,0.001175256393548034,0.001133756393548034,4.149999999999987e-05,44
0.009407142857142857,0.00119037021089085,0.0011488702108908497,4.1500000000000304e-05,45
0.009482857142857144,0.001205569531594751,0.001164069531594751,4.149999999999987e-05,46
0.009558571428571428,0.0012208543058831733,0.0011793543058831735,4.149999999999987e-05,47
0.009634285714285713,0.0012362244863245511,0.0011947244863245512,4.149999999999987e-05,48
0.00971,0.001251680027794237,0.0012101800277942373,4.1499999999999653e-05,49
0.009785714285714286,0.001267220887437574,0.0012257208874375744,4.1499999999999653e-05,50
0.009861428571428571,0.001282847024634007,0.001241347024634007,4.150000000000009e-05,51
0.009937142857142856,0.0012985584009621853,0.0012570584009621855,4.149999999999987e-05,52
0.01001285714285714,0.001314354980166195,0.0012728549801661881,4.150000000000681e-05,53
0.01008857142857143,0.0013302367281225955,0.0012887367281225956,4.149999999999987e-05,54
0.01016428571428571,0.001346203612808537,0.0013047036128085443,4.1499999999992715e-05,55
0.01024,0.001362255604270689,0.0013207556042706889,4.150000000000009e-05,56
0.01031571428571429,0.00137839267459506,0.0013368926745950666,4.1499999999993365e-05,57
0.01039142857142857,0.0013946147978777454,0.0013531147978777455,4.149999999999987e-05,58
0.01046714285714286,0.0014109219501963269,0.001369421950196334,4.149999999999293e-05,59
0.01054285714285714,0.001427314109582245,0.001385814109582252,4.149999999999293e-05,60
0.01061857142857143,0.0014437912559938024,0.0014022912559938094,4.149999999999293e-05,61
0.01069428571428572,0.0014603533712899963,0.0014188533712900034,4.149999999999293e-05,62
0.01077,0.001477000439204991,0.001435500439204991,4.149999999999987e-05,63
0.01084571428571428,0.001493732445323394,0.001452232445323394,4.150000000000009e-05,64
0.01092142857142857,0.001510549377056081,0.001469049377056074,4.1500000000007026e-05,65
0.01099714285714286,0.001527451223616777,0.001485951223616784,4.149999999999293e-05,66
0.01107285714285714,0.001544437975999222,0.0015029379759992217,4.1500000000000304e-05,67
0.01114857142857143,0.0015615096269549489,0.001520009626954956,4.149999999999293e-05,68
0.01122428571428571,0.0015786661709717084,0.0015371661709717016,4.150000000000681e-05,69
0.0113,0.001595907604252357,0.0015544076042523641,4.149999999999293e-05,70
0.01137571428571429,0.0016132339246944793,0.0015717339246944795,4.149999999999987e-05,71
0.01145142857142857,0.001630645131870397,0.0015891451318703967,4.1500000000000304e-05,72
0.01152714285714286,0.0016481412270078,0.0016066412270078004,4.1499999999999653e-05,73
0.01160285714285714,0.001665722212970837,0.001624222212970837,4.150000000000009e-05,74
0.01167857142857143,0.001683388094241747,0.0016418880942417544,4.1499999999992715e-05,75
0.01175428571428571,0.001701138876902986,0.0016596388769029788,4.150000000000724e-05,76
0.01183,0.001718974568619705,0.0016774745686197051,4.149999999999987e-05,77
0.01190571428571429,0.001736895178622917,0.0016953951786229174,4.1499999999999653e-05,78
0.01198142857142857,0.00175490071769286,0.0017134007176928534,4.150000000000659e-05,79
0.01205714285714286,0.001772991198142941,0.0017314911981429412,4.149999999999987e-05,80
0.01213285714285714,0.001791166633804069,0.0017496666338040756,4.1499999999993365e-05,81
0.01220857142857143,0.001809427040009429,0.0017679270400094288,4.1500000000000304e-05,82
0.01228428571428571,0.001827772433579539,0.0017862724335795319,4.150000000000724e-05,83
0.01236,0.001846202832807856,0.0018047028328078557,4.1500000000000304e-05,84
0.01243571428571429,0.001864718257446607,0.001823218257446614,4.149999999999293e-05,85
0.01251142857142857,0.0018833187286931563,0.0018418187286931634,4.149999999999293e-05,86
0.01258714285714286,0.001902004269176555,0.001860504269176562,4.149999999999315e-05,87
0.01266285714285714,0.001920774902944553,0.0018792749029445457,4.150000000000724e-05,88
0.01273857142857143,0.001939630655450907,0.0018981306554509136,4.1499999999993365e-05,89
0.01281428571428572,0.001958571553543072,0.001917071553543065,4.150000000000724e-05,90
0.01289,0.001977597625450113,0.001936097625450113,4.149999999999987e-05,91
0.01296571428571429,0.001996708900771062,0.001955208900771062,4.1500000000000304e-05,92
0.01304142857142857,0.0020159054104634602,0.0019744054104634673,4.149999999999293e-05,93
0.01311714285714286,0.002035187186832321,0.0019936871868323144,4.1500000000006376e-05,94
0.01319285714285714,0.00205455426351922,0.0020130542635192275,4.14999999999925e-05,95
0.01326857142857143,0.0020740066754919018,0.002032506675491895,4.150000000000681e-05,96
0.01334428571428571,0.002093544459033911,0.002052044459033904,4.150000000000681e-05,97
0.01342,0.0021131676517347,0.0020716676517347,4.149999999999987e-05,98
0.01349571428571428,0.0021328762924799002,0.0020913762924798934,4.150000000000681e-05,99
0.01357142857142857,0.002152670421441849,0.002111170421441856,4.149999999999293e-05,100
0.01364714285714286,0.002172550080070446,0.0021310500800704457,4.1500000000000304e-05,101
0.01372285714285714,0.00219251531108413,0.002151015311084137,4.1499999999993365e-05,102
0.01379857142857143,0.002212566158461271,0.0021710661584612642,4.150000000000681e-05,103
0.01387428571428571,0.002232702667431585,0.0021912026674315854,4.149999999999944e-05,104
0.01395,0.002252924884468023,0.002211424884468023,4.149999999999987e-05,105
0.01402571428571429,0.00227323285727863,0.0022317328572786232,4.150000000000681e-05,106
0.01410142857142857,0.00229362663479888,0.0022521266347988803,4.149999999999987e-05,107
0.01417714285714286,0.002314106267184007,0.0022726062671840075,4.149999999999944e-05,108
0.01425285714285714,0.002334671805801672,0.002293171805801672,4.149999999999987e-05,109
0.01432857142857143,0.00235532330322482,0.00231382330322482,4.1500000000000304e-05,110
0.01440428571428571,0.002376060813224709,0.002334560813224716,4.149999999999293e-05,111
0.01448,0.002396884390764173,0.002355384390764173,4.149999999999987e-05,112
0.01455571428571429,0.002417794091991041,0.002376294091991041,4.1500000000000304e-05,113
0.01463142857142857,0.002438789974231775,0.0023972899742317755,4.149999999999944e-05,114
0.01470714285714286,0.002459872095985284,0.002418372095985284,4.149999999999987e-05,115
0.01478285714285714,0.00248104051691693,0.00243954051691693,4.1500000000000304e-05,116
0.01485857142857143,0.002502295297852716,0.0024607952978527164,4.149999999999944e-05,117
0.01493428571428571,0.002523636500773599,0.002482136500773599,4.149999999999987e-05,118
0.01501,0.002545064188810051,0.0025035641888100507,4.1500000000000304e-05,119
0.01508571428571429,0.002566578426236754,0.0025250784262367543,4.149999999999987e-05,120
0.01516142857142857,0.002588179278467433,0.002546679278467426,4.150000000000724e-05,121
0.01523714285714286,0.002609866812049881,0.002568366812049888,4.149999999999293e-05,122
0.01531285714285714,0.0026316410946612065,0.0025901410946611997,4.150000000000681e-05,123
0.01538857142857143,0.00265350219510304,0.002612002195103047,4.149999999999293e-05,124
0.01546428571428572,0.002675450183297179,0.002633950183297186,4.149999999999293e-05,125
0.01554,0.002697485130281112,0.002655985130281112,4.1500000000000304e-05,126
0.01561571428571429,0.002719607108203861,0.0026781071082038616,4.149999999999944e-05,127
0.01569142857142857,0.002741816190321905,0.0027003161903219053,4.149999999999987e-05,128
0.01576714285714285,0.002764112450995247,0.0027226124509952473,4.149999999999987e-05,129
0.01584285714285714,0.0027864959656837,0.002744995965683686,4.150000000001418e-05,130
0.01591857142857143,0.002808966810943114,0.0027674668109431075,4.1500000000006376e-05,131
0.01599428571428571,0.002831525064422018,0.002790025064422004,4.150000000001418e-05,132
0.01607,0.002854170804858121,0.002812670804858121,4.1500000000000304e-05,133
0.01614571428571428,0.002876904112075175,0.0028354041120751683,4.150000000000681e-05,134
0.01622142857142857,0.002899725066979754,0.002858225066979754,4.149999999999987e-05,135
0.01629714285714286,0.002922633751558358,0.002881133751558372,4.149999999998599e-05,136
0.01637285714285714,0.002945630248874544,0.002904130248874544,4.1500000000000304e-05,137
0.01644857142857143,0.002968714643066105,0.0029272146430661047,4.1500000000000304e-05,138
0.01652428571428571,0.002991887019342554,0.0029503870193425333,4.150000000002069e-05,139
0.0166,0.003015147463982563,0.0029736474639825636,4.149999999999944e-05,140
0.01667571428571429,0.003038496064331618,0.002996996064331632,4.149999999998599e-05,141
0.01675142857142857,0.003061932908799761,0.003020432908799761,4.149999999999987e-05,142
0.01682714285714286,0.003085458086859408,0.003043958086859401,4.150000000000681e-05,143
0.01690285714285714,0.0031090716890433065,0.0030675716890432997,4.150000000000681e-05,144
0.01697857142857143,0.003132773806942671,0.003091273806942671,4.149999999999987e-05,145
0.01705428571428572,0.003156564533205307,0.0031150645332053,4.150000000000681e-05,146
0.01713,0.003180443961533934,0.003138943961533934,4.149999999999987e-05,147
0.01720571428571429,0.003204412186684602,0.0031629121866845952,4.150000000000681e-05,148
0.01728142857142857,0.003228469304465104,0.0031869693044651037,4.1500000000000304e-05,149
0.01735714285714286,0.003252615411733738,0.003211115411733724,4.150000000001418e-05,150
0.01743285714285714,0.0032768506063978672,0.0032353506063978743,4.149999999999293e-05,151
0.01750857142857143,0.003301174987412822,0.0032596749874128222,4.149999999999987e-05,152
0.01758428571428571,0.003358588654780817,0.0032840886547808104,7.450000000000642e-05,153
0.01766,0.003383091709549856,0.003308591709549849,7.450000000000685e-05,154
0.01773571428571429,0.00340768425381298,0.0033331842538129736,7.450000000000642e-05,155
0.01781142857142857,0.003432366390707398,0.003357866390707412,7.449999999998604e-05,156
0.01788714285714286,0.003457138224413814,0.0033826382244138142,7.449999999999991e-05,157
0.01796285714285714,0.003481999860155767,0.0034074998601557674,7.449999999999948e-05,158
0.01803857142857143,0.003506951404199219,0.003432451404199212,7.450000000000729e-05,159
0.01811428571428571,0.003531992963852032,0.0034574929638520463,7.44999999999856e-05,160
0.01819,0.003557124647463732,0.003482624647463725,7.450000000000685e-05,161
0.01826571428571429,0.003582346564425175,0.0035078465644251683,7.450000000000685e-05,162
0.01834142857142857,0.003607658825168504,0.0035331588251685045,7.449999999999948e-05,163
0.01841714285714286,0.00363306154116705,0.0035585615411670643,7.44999999999856e-05,164
0.01849285714285714,0.003658554824935325,0.0035840548249353107,7.450000000001422e-05,165
0.01856857142857143,0.003684138790029145,0.0036096387900291307,7.450000000001422e-05,166
0.01864428571428571,0.003709813551045939,0.0036353135510459184,7.450000000002073e-05,167
0.01872,0.003735579223624873,0.003661079223624873,7.449999999999991e-05,168
0.01879571428571428,0.003761435924447354,0.003686935924447368,7.449999999998604e-05,169
0.01887142857142857,0.003787383771237456,0.00371288377123747,7.449999999998604e-05,170
0.01894714285714286,0.00381342288276241,0.0037389228827624105,7.449999999999948e-05,171
0.01902285714285714,0.003839553378833281,0.0037650533788332954,7.44999999999856e-05,172
0.01909857142857143,0.003865775380305693,0.0037912753803056934,7.449999999999948e-05,173
0.01917428571428571,0.003892089009080517,0.0038175890090805242,7.449999999999297e-05,174
0.01925,0.003918494388104899,0.003843994388104899,7.449999999999991e-05,175
0.01932571428571429,0.003944991641373069,0.0038704916413730556,7.450000000001379e-05,176
0.01940142857142857,0.003971580893927408,0.0038970808939274085,7.449999999999991e-05,177
0.01947714285714286,0.003998262271859643,0.003923762271859643,7.449999999999991e-05,178
0.01955285714285714,0.004025035902311883,0.003950535902311897,7.449999999998604e-05,179
0.01962857142857143,0.004051901913478062,0.0039774019134780625,7.449999999999991e-05,180
0.01970428571428572,0.004078860434605114,0.004004360434605114,7.449999999999991e-05,181
0.01978,0.004105911595994495,0.0040314115959944954,7.449999999999991e-05,182
0.01985571428571429,0.004133055529003714,0.004058555529003707,7.450000000000685e-05,183
0.01993142857142857,0.004160292366047801,0.004085792366047787,7.450000000001379e-05,184
0.02000714285714286,0.004187622240601029,0.004113122240601022,7.450000000000685e-05,185
0.02008285714285715,0.004215045287198677,0.00414054528719867,7.450000000000685e-05,186
0.02015857142857143,0.00424256164143875,0.00416806164143875,7.449999999999991e-05,187
0.02023428571428572,0.0042701714399838876,0.004195671439983888,7.449999999999991e-05,188
0.02031,0.004297874820563411,0.004223374820563411,7.449999999999991e-05,189
0.02038571428571428,0.004325671921975223,0.0042511719219752026,7.450000000002073e-05,190
0.02046142857142857,0.004353562884087949,0.004279062884087949,7.449999999999991e-05,191
0.02053714285714286,0.004381547847843179,0.004307047847843193,7.449999999998604e-05,192
0.02061285714285714,0.004409626955257694,0.004335126955257694,7.449999999999991e-05,193
0.02068857142857143,0.004437800349425725,0.004363300349425739,7.449999999998604e-05,194
0.02076428571428571,0.004466068174521465,0.004391568174521472,7.449999999999297e-05,195
0.02084,0.0044944305758014575,0.0044199305758014715,7.449999999998604e-05,196
0.02091571428571429,0.004522887699607197,0.004448387699607197,7.449999999999991e-05,197
0.02099142857142857,0.004551439693367703,0.004476939693367703,7.449999999999991e-05,198
0.02106714285714286,0.004580086705602305,0.004505586705602298,7.450000000000685e-05,199
0.02114285714285714,0.004608828885923297,0.004534328885923283,7.450000000001379e-05,200
0.02121857142857143,0.0046376663850388414,0.004563166385038828,7.450000000001379e-05,201
0.02129428571428571,0.0046665993547559004,0.0045920993547559005,7.449999999999991e-05,202
0.02137,0.004695627947983181,0.004621127947983181,7.449999999999991e-05,203
0.02144571428571428,0.004724752318734234,0.004650252318734248,7.449999999998604e-05,204
0.02152142857142857,0.004753972622130532,0.0046794726221305455,7.44999999999869e-05,205
0.02159714285714286,0.004783289014404725,0.004708789014404746,7.44999999999791e-05,206
0.02167285714285714,0.00481270165290393,0.00473820165290393,7.449999999999991e-05,207
0.02174857142857143,0.00484221069609299,0.00476771069609299,7.449999999999991e-05,208
0.02182428571428571,0.004871816303558008,0.004797316303557994,7.450000000001379e-05,209
0.0219,0.004901518636009782,0.004827018636009789,7.449999999999297e-05,210
0.02197571428571429,0.004931317855287389,0.004856817855287396,7.449999999999297e-05,211
0.02205142857142857,0.004961214124361834,0.004886714124361834,7.449999999999991e-05,212
0.02212714285714286,0.004991207607339761,0.004916707607339761,7.449999999999991e-05,213
0.02220285714285714,0.005021298469467176,0.004946798469467169,7.450000000000685e-05,214
0.02227857142857143,0.005051486877133424,0.004976986877133445,7.44999999999791e-05,215
0.02235428571428572,0.005081772997875095,0.005007272997875095,7.449999999999991e-05,216
0.02243,0.005112157000379919,0.005037657000379919,7.449999999999991e-05,217
0.02250571428571429,0.005142639054491015,0.005068139054491015,7.449999999999991e-05,218
0.02258142857142857,0.005173219331210859,0.005098719331210838,7.450000000002073e-05,219
0.02265714285714285,0.005203898002705704,0.00512939800270569,7.450000000001379e-05,220
0.02273285714285714,0.005234675242309745,0.005160175242309738,7.450000000000685e-05,221
0.02280857142857143,0.00526555122452955,0.005191051224529564,7.449999999998604e-05,222
0.02288428571428571,0.005296526125048532,0.005222026125048532,7.449999999999991e-05,223
0.02296,0.00532760012073138,0.00525310012073138,7.449999999999991e-05,224
0.02303571428571428,0.005358773389628766,0.005284273389628773,7.449999999999297e-05,225
0.02311142857142857,0.005390046110981992,0.005315546110981971,7.450000000002073e-05,226
0.02318714285714286,0.005421418465227647,0.005346918465227661,7.449999999998604e-05,227
0.02326285714285714,0.005452890634002625,0.005378390634002625,7.449999999999991e-05,228
0.02333857142857143,0.005484462800148799,0.005409962800148799,7.449999999999991e-05,229
0.02341428571428571,0.005516135147718164,0.005441635147718157,7.450000000000685e-05,230
0.02349,0.005547907861977864,0.005473407861977857,7.450000000000685e-05,231
0.02356571428571429,0.005579781129415236,0.005505281129415229,7.450000000000685e-05,232
0.02364142857142857,0.005611755137743127,0.005537255137743127,7.449999999999991e-05,233
0.02371714285714286,0.005643830075905106,0.005569330075905106,7.449999999999991e-05,234
0.02379285714285714,0.005676006134080884,0.005601506134080864,7.450000000002073e-05,235
0.02386857142857143,0.005708283503691654,0.005633783503691668,7.449999999998604e-05,236
0.02394428571428572,0.0057736623774057895,0.0056661623774057965,0.00010749999999999302,237
0.02402,0.005806142949144239,0.005698642949144239,0.00010749999999999996,238
0.02409571428571428,0.005838725414086348,0.005731225414086355,0.00010749999999999302,239
0.02417142857142857,0.005871409968675547,0.00576390996867554,0.0001075000000000069,240
0.02424714285714286,0.005904196810625231,0.005796696810625224,0.0001075000000000069,241
0.02432285714285715,0.005937086138924633,0.005829586138924633,0.00010749999999999996,242
0.02439857142857143,0.005970078153844895,0.005862578153844895,0.00010749999999999996,243
0.02447428571428571,0.006003173056945071,0.005895673056945057,0.00010750000000001383,244
0.02455,0.006036371051078324,0.0059288710510783035,0.00010750000000002077,245
0.02462571428571429,0.006069672340398177,0.00596217234039817,0.0001075000000000069,246
0.02470142857142857,0.006103077130364846,0.005995577130364846,0.00010749999999999996,247
0.02477714285714286,0.006136585627751646,0.006029085627751646,0.00010749999999999996,248
0.02485285714285714,0.0061701980406514735,0.00606269804065146,0.00010750000000001383,249
0.02492857142857143,0.006203914578483401,0.006096414578483388,0.00010750000000001383,250
0.02500428571428572,0.006237735451999345,0.0061302354519993454,0.00010749999999999996,251
0.02508,0.006271660873290865,0.006164160873290844,0.00010750000000002077,252
0.02515571428571429,0.00630569105579586,0.006198191055795846,0.00010750000000001383,253
0.02523142857142857,0.006339826214305674,0.006232326214305674,0.00010749999999999996,254
0.02530714285714285,0.006374066564971987,0.006266566564971994,0.00010749999999999302,255
0.02538285714285714,0.006408412325313983,0.006300912325313969,0.00010750000000001383,256
0.02545857142857143,0.00644286371422546,0.006335363714225453,0.0001075000000000069,257
0.02553428571428571,0.0064774209519822094,0.0063699209519822095,0.00010749999999999996,258
0.02561,0.006512084260249348,0.006404584260249348,0.00010749999999999996,259
0.02568571428571428,0.006546853862088749,0.0064393538620887356,0.00010750000000001383,260
0.02576142857142857,0.00658172998196661,0.00647422998196661,0.00010749999999999996,261
0.02583714285714286,0.006616712845761149,0.006509212845761142,0.0001075000000000069,262
0.02591285714285714,0.006651802680770254,0.0065443026807702545,0.00010749999999999909,263
0.02598857142857143,0.006686999715719403,0.006579499715719403,0.00010749999999999996,264
0.02606428571428571,0.006722304180769533,0.00661480418076954,0.00010749999999999302,265
0.02614,0.006757716307525082,0.006650216307525082,0.00010749999999999996,266
0.02621571428571429,0.006793236329042104,0.006685736329042104,0.00010749999999999996,267
0.02629142857142857,0.006828864479836497,0.006721364479836497,0.00010749999999999996,268
0.02636714285714286,0.006864600995892315,0.006757100995892315,0.00010749999999999996,269
0.02644285714285714,0.006900446114670156,0.006792946114670136,0.00010750000000002077,270
0.02651857142857143,0.0069364000751156694,0.0068289000751156625,0.0001075000000000069,271
0.02659428571428572,0.006972463117668259,0.006864963117668245,0.00010750000000001383,272
0.02667,0.007008635484269627,0.006901135484269627,0.00010749999999999996,273
0.02674571428571428,0.007044917418372803,0.00693741741837281,0.00010749999999999302,274
0.02682142857142857,0.007081309164950828,0.006973809164950821,0.0001075000000000069,275
0.02689714285714286,0.00711781097050598,0.007010310970505973,0.0001075000000000069,276
0.02697285714285715,0.007154423083078783,0.0070469230830787835,0.00010749999999999909,277
0.02704857142857143,0.007191145752257291,0.007083645752257291,0.00010749999999999996,278
0.02712428571428571,0.007227979229186363,0.007120479229186363,0.00010749999999999996,279
0.0272,0.007264923766577249,0.007157423766577235,0.00010750000000001383,280
0.02727571428571429,0.007301979618716963,0.007194479618716956,0.0001075000000000069,281
0.02735142857142857,0.007339147041478086,0.007231647041478086,0.00010749999999999996,282
0.02742714285714286,0.007376426292328517,0.0072689262923285175,0.00010749999999999909,283
0.02750285714285714,0.0074138176303413,0.0073063176303413,0.00010749999999999996,284
0.02757857142857143,0.007451321316204729,0.0073438213162047294,0.00010749999999999996,285
0.02765428571428571,0.00748893761223236,0.0073814376122323735,0.00010749999999998608,286
0.02773,0.007526666782373351,0.0074191667823733445,0.0001075000000000069,287
0.02780571428571429,0.0075645090922226745,0.007457009092222688,0.00010749999999998608,288
0.02788142857142857,0.007602464809031758,0.007494964809031758,0.00010749999999999996,289
0.02795714285714285,0.007640534201718872,0.007533034201718879,0.00010749999999999302,290
0.02803285714285714,0.007678717540880054,0.007571217540880061,0.00010749999999999302,291
0.02810857142857143,0.0077170150987997295,0.0076095150987997295,0.00010749999999999996,292
0.02818428571428572,0.007755427149461775,0.007647927149461775,0.00010749999999999996,293
0.02826,0.0077939539685606095,0.0076864539685606095,0.00010749999999999996,294
0.02833571428571428,0.007865595833512339,0.007725095833512351,0.00014049999999998786,295
0.02841142857142857,0.007904353023466093,0.0077638530234660705,0.00014050000000002255,296
0.02848714285714286,0.007943225819315433,0.007802725819315438,0.0001404999999999948,297
0.02856285714285714,0.00798221450371011,0.007841714503710108,0.00014050000000000173,298
0.02863857142857143,0.008021319361067501,0.0078808193610675,0.00014050000000000173,299
0.02871428571428571,0.008060540677584757,0.007920040677584762,0.0001404999999999948,300
0.02879,0.00809987874125051,0.007959378741250502,0.00014050000000000867,301
0.02886571428571429,0.00813933384185718,0.007998833841857178,0.00014050000000000173,302
0.02894142857142857,0.008178906271013114,0.008038406271013113,0.00014050000000000173,303
0.02901714285714286,0.00821859632215504,0.008078096322155039,0.00014050000000000173,304
0.02909285714285714,0.008258404290560545,0.00811790429056053,0.0001405000000000156,305
0.02916857142857143,0.00829833047336076,0.008157830473360772,0.00014049999999998786,306
0.02924428571428572,0.008338375169553214,0.008197875169553205,0.00014050000000000867,307
0.02932,0.008378538680014709,0.008238038680014707,0.00014050000000000173,308
0.02939571428571429,0.008418821307514458,0.008278321307514457,0.00014050000000000173,309
0.02947142857142857,0.008459223356727365,0.008318723356727377,0.00014049999999998786,310
0.02954714285714286,0.00849974513424736,0.008359245134247358,0.00014050000000000173,311
0.02962285714285715,0.008540386948600952,0.008399886948600978,0.00014049999999997398,312
0.02969857142857143,0.008581149110261047,0.008440649110261045,0.00014050000000000173,313
0.02977428571428571,0.008622031931660577,0.008481531931660576,0.00014050000000000173,314
0.02985,0.008663035727206753,0.008522535727206751,0.00014050000000000173,315
0.02992571428571428,0.008737160813295057,0.008563660813295078,0.00017349999999997923,316
0.03000142857142857,0.008778407508323649,0.008604907508323656,0.0001734999999999931,317
0.03007714285714286,0.008819776132707832,0.008646276132707825,0.00017350000000000698,318
0.03015285714285714,0.008861267008894683,0.008687767008894683,0.00017350000000000004,319
0.03022857142857143,0.008902880461377945,0.008729380461377945,0.00017350000000000004,320
0.03030428571428571,0.008944616816712943,0.008771116816712922,0.00017350000000002086,321
0.03038,0.008986476403531743,0.008812976403531736,0.00017350000000000698,322
0.03045571428571429,0.009028459552558488,0.008854959552558508,0.00017349999999997923,323
0.03053142857142857,0.009070566596624939,0.008897066596624939,0.00017350000000000004,324
0.03060714285714285,0.009112797870686085,0.00893929787068607,0.00017350000000001392,325
0.03068285714285714,0.009155153711836006,0.008981653711835992,0.00017350000000001392,326
0.03075857142857143,0.009197634459323922,0.009024134459323936,0.00017349999999998617,327
0.03083428571428572,0.009240240454570461,0.009066740454570447,0.00017350000000001392,328
0.03091,0.009282972041183925,0.009109472041183925,0.00017350000000000004,329
0.03098571428571428,0.009325829564976962,0.009152329564976962,0.00017350000000000004,330
0.03106142857142857,0.00936881337398339,0.009195313373983376,0.00017350000000001392,331
0.03113714285714286,0.00941192381847502,0.009238423818475033,0.00017349999999998617,332
0.03121285714285714,0.009455161250978963,0.009281661250978963,0.00017350000000000004,333
0.03128857142857143,0.009498526026294848,0.009325026026294848,0.00017350000000000004,334
0.03136428571428571,0.009542018501512449,0.009368518501512449,0.00017350000000000004,335
0.03144,0.00958563903602952,0.00941213903602952,0.00017350000000000004,336
0.03151571428571429,0.009629387991569552,0.009455887991569559,0.0001734999999999931,337
0.03159142857142857,0.009673265732200093,0.009499765732200093,0.00017350000000000004,338
0.03166714285714286,0.009750272624351096,0.009543772624351098,0.00020649999999999835,339
0.03174285714285714,0.009761409036833466,0.009587909036833465,0.00017350000000000004,340
0.03181857142857143,0.009805675340857828,0.009632175340857835,0.0001734999999999931,341
0.03189428571428572,0.009883071910053644,0.00967657191005366,0.00020649999999998447,342
0.03197,0.009894599120488394,0.009721099120488394,0.00017350000000000004,343
0.03204571428571429,0.009972257350686992,0.009765757350686993,0.00020649999999999835,344
0.03212142857142857,0.01001704698165154,0.009810546981651541,0.00020649999999999835,345
0.03219714285714285,0.010028968396881159,0.009855468396881166,0.0001734999999999931,346
0.03227285714285714,0.010107021982392252,0.009900521982392267,0.00020649999999998447,347
0.03234857142857143,0.010152208126738761,0.009945708126738756,0.0002065000000000053,348
0.03242428571428571,0.01016452722103281,0.00999102722103281,0.00017350000000000004,349
0.0325,0.010242979658965649,0.010036479658965654,0.00020649999999999488,350
0.03257571428571428,0.010288565836828589,0.0100820658368286,0.00020649999999998794,351
0.03265142857142857,0.010334286153534551,0.010127786153534532,0.00020650000000001917,352
0.03272714285714286,0.01038014101063946,0.010173641010639466,0.00020649999999999488,353
0.03280285714285714,0.010426130812364251,0.010219630812364253,0.00020649999999999835,354
0.03287857142857143,0.010472255965616909,0.010265755965616907,0.00020650000000000182,355
0.03295428571428571,0.01051851688001484,0.010312016880014846,0.00020649999999999488,356
0.03303,0.010564913967907541,0.010358413967907543,0.00020649999999999835,357
0.03310571428571429,0.010611447644399419,0.01040494764439942,0.00020649999999999835,358
0.03318142857142857,0.01065811832737312,0.010451618327373118,0.00020650000000000182,359
0.03325714285714286,0.010704926437512769,0.010498426437512774,0.00020649999999999488,360
0.03333285714285714,0.010751872398327901,0.010545372398327903,0.00020649999999999835,361
0.03340857142857143,0.010798956636177321,0.010592456636177326,0.00020649999999999488,362
0.03348428571428572,0.010846179580293509,0.010639679580293514,0.00020649999999999488,363
0.03356,0.010893541662807121,0.010687041662807123,0.00020649999999999835,364
0.03363571428571428,0.01094104331877194,0.010734543318771939,0.00020650000000000182,365
0.03371142857142857,0.01098868498619007,0.010782184986190067,0.00020650000000000182,366
0.03378714285714286,0.01103646710603735,0.010829967106037341,0.00020650000000000876,367
0.03386285714285715,0.011084390122289178,0.0108778901222892,0.00020649999999997753,368
0.03393857142857143,0.01113245448194668,0.010925954481946679,0.00020650000000000182,369
0.03401428571428571,0.01118066063506305,0.010974160635063047,0.00020650000000000182,370
0.03409,0.01122900903477032,0.011022509034770325,0.00020649999999999488,371
0.03416571428571429,0.01127750013730652,0.011071000137306511,0.00020650000000000876,372
0.03424142857142857,0.011326134402042831,0.011119634402042833,0.00020649999999999835,373
0.03431714285714286,0.01137491229151168,0.011168412291511685,0.00020649999999999488,374
0.03439285714285714,0.0114238342714345,0.011217334271434502,0.00020649999999999835,375
0.03446857142857143,0.011472900810750291,0.01126640081075029,0.00020650000000000182,376
0.03454428571428571,0.01155511238164443,0.011315612381644406,0.00023950000000002442,377
0.03462,0.011604469459577629,0.011364969459577635,0.0002394999999999932,378
0.03469571428571429,0.01165397252331566,0.011414472523315664,0.00023949999999999666,379
0.03477142857142857,0.011703622054958951,0.011464122054958947,0.0002395000000000036,380
0.03484714285714285,0.011753418539972992,0.011513918539973002,0.00023949999999998972,381
0.03492285714285714,0.01180336246721888,0.011563862467218869,0.00023950000000001054,382
0.03499857142857143,0.011853454328984221,0.011613954328984218,0.0002395000000000036,383
0.03507428571428571,0.01190369462101458,0.011664194621014576,0.0002395000000000036,384
0.03515,0.01195408384254528,0.011714583842545277,0.0002395000000000036,385
0.03522571428571428,0.012004622496333411,0.011765122496333394,0.00023950000000001748,386
0.03530142857142857,0.012055311088690498,0.011815811088690509,0.00023949999999998972,387
0.03537714285714286,0.01210615012951552,0.011866650129515523,0.00023949999999999666,388
0.03545285714285714,0.012157140132328138,0.011917640132328142,0.00023949999999999666,389
0.03552857142857143,0.012208281614302659,0.011968781614302662,0.00023949999999999666,390
0.03560428571428571,0.0122595750963022,0.0120200750963022,0.00023950000000000013,391
0.03568,0.01231102110291344,0.012071521102913436,0.0002395000000000036,392
0.03575571428571429,0.012362620162481651,0.01212312016248164,0.00023950000000001054,393
0.03583142857142857,0.01241437280714628,0.012174872807146284,0.00023949999999999666,394
0.03590714285714286,0.012466279572877131,0.012226779572877135,0.00023949999999999666,395
0.03598285714285714,0.01251834099951064,0.01227884099951064,0.00023950000000000013,396
0.03605857142857143,0.01257055763078697,0.012331057630786978,0.0002394999999999932,397
0.03613428571428572,0.012622930014387461,0.012383430014387471,0.00023949999999998972,398
0.03621,0.01267545870197248,0.012435958701972477,0.0002395000000000036,399
0.03628571428571428,0.012728144249219881,0.012488644249219881,0.00023950000000000013,400
0.03636142857142857,0.012780987215864001,0.012541487215863997,0.0002395000000000036,401
0.03643714285714286,0.01283398816573491,0.012594488165734892,0.00023950000000001748,402
0.03651285714285715,0.012887147666798542,0.012647647666798559,0.00023949999999998278,403
0.03658857142857143,0.012940466291197151,0.01270096629119715,0.00023950000000000013,404
0.03666428571428571,0.01302694461529015,0.012754444615290149,0.0002725000000000019,405
0.03674,0.01308058321969583,0.012808083219695829,0.0002725000000000019,406
0.03681571428571428,0.01313438268933342,0.012861882689333429,0.0002724999999999915,407
0.03689142857142857,0.013188343613465721,0.012915843613465719,0.0002725000000000019,408
0.03696714285714286,0.01324246658574229,0.012969966585742294,0.00027249999999999497,409
0.03704285714285714,0.01329675220424336,0.013024252204243365,0.00027249999999999497,410
0.03711857142857143,0.01335120107152411,0.013078701071524111,0.00027249999999999844,411
0.03719428571428571,0.01340581379465974,0.013133313794659762,0.0002724999999999776,412
0.03727,0.01346059098529101,0.013188090985291015,0.00027249999999999497,413
0.03734571428571428,0.013515533259670469,0.013243033259670467,0.0002725000000000019,414
0.03742142857142857,0.01357064123870928,0.013298141238709281,0.00027249999999999844,415
0.03749714285714285,0.01362591554802469,0.013353415548024668,0.0002725000000000227,416
0.03757285714285714,0.01368135681798813,0.01340885681798814,0.0002724999999999915,417
0.03764857142857143,0.01373696568377409,0.013464465683774088,0.0002725000000000019,418
0.03772428571428571,0.01379274278540937,0.013520242785409371,0.00027249999999999844,419
0.0378,0.01384868876782339,0.013576188767823391,0.00027249999999999844,420
0.03787571428571428,0.01390480428089888,0.013632304280898885,0.00027249999999999497,421
0.03795142857142857,0.013961089979523441,0.01368858997952345,0.0002724999999999915,422
0.03802714285714286,0.014017546523641771,0.013745046523641773,0.00027249999999999844,423
0.03810285714285714,0.01407417457830857,0.013801674578308575,0.00027249999999999497,424
0.03817857142857143,0.014130974813742331,0.013858474813742333,0.00027249999999999844,425
0.03825428571428571,0.01418794790537967,0.013915447905379671,0.00027249999999999844,426
0.03833,0.014245094533930601,0.013972594533930592,0.00027250000000000885,427
0.03840571428571429,0.014302415385434478,0.014029915385434487,0.0002724999999999915,428
0.03848142857142857,0.014359911151316788,0.014087411151316794,0.00027249999999999497,429
0.03855714285714285,0.014417582528446781,0.014145082528446783,0.00027249999999999844,430
0.03863285714285714,0.0144754302191957,0.014202930219195699,0.0002725000000000019,431
0.03870857142857143,0.0145334549314961,0.014260954931496116,0.00027249999999998456,432
0.03878428571428572,0.01459165737890204,0.014319157378902027,0.0002725000000000123,433
0.03886,0.0146830382806497,0.0143775382806497,0.0003055000000000002,434
0.03893571428571428,0.014741598361719541,0.014436098361719538,0.0003055000000000037,435
0.03901142857142857,0.0148003383528987,0.0144948383528987,0.0003055000000000002,436
0.03908714285714286,0.014859258990844788,0.014553758990844809,0.0003054999999999794,437
0.03916285714285714,0.014918361018150281,0.014612861018150278,0.0003055000000000037,438
0.03923857142857143,0.01497764518340806,0.014672145183408064,0.00030549999999999675,439
0.03931428571428571,0.015037112241277791,0.014731612241277794,0.00030549999999999675,440
0.03939,0.01509676295255331,0.014791262952553313,0.00030549999999999675,441
0.03946571428571428,0.01515659808423102,0.014851098084231053,0.00030549999999996726,442
0.03954142857142857,0.015216618409579288,0.014911118409579288,0.0003055000000000002,443
0.03961714285714286,0.015276824708208729,0.014971324708208729,0.0003055000000000002,444
0.03969285714285714,0.015337217766143819,0.015031717766143822,0.00030549999999999675,445
0.03976857142857142,0.015397798375895371,0.015092298375895347,0.0003055000000000245,446
0.03984428571428571,0.01545856733653405,0.015153067336534057,0.0003054999999999933,447
0.03992,0.015519525453765136,0.015214025453765136,0.0003055000000000002,448
0.03999571428571428,0.01558067354000434,0.015275173540004343,0.00030549999999999675,449
0.04007142857142857,0.015642012414454752,0.015336512414454752,0.0003055000000000002,450
0.04014714285714285,0.015703542903184972,0.015398042903184972,0.0003055000000000002,451
0.04022285714285714,0.015765265839208426,0.015459765839208418,0.00030550000000000715,452
0.04029857142857143,0.015827182062563845,0.015521682062563845,0.0003055000000000002,453
0.04037428571428571,0.015889292420397085,0.015583792420397084,0.0003055000000000002,454
0.04045,0.015951597767044065,0.015646097767044065,0.0003055000000000002,455
0.04052571428571428,0.01601409896411505,0.01570859896411505,0.0003055000000000002,456
0.04060142857142857,0.01610979688058025,0.015771296880580224,0.0003385000000000263,457
0.04067714285714286,0.01617269239285667,0.01583419239285666,0.00033850000000000893,458
0.04075285714285714,0.016235786384896443,0.015897286384896445,0.0003384999999999985,459
0.04082857142857143,0.016299079748276372,0.015960579748276374,0.0003384999999999985,460
0.04090428571428571,0.01636257338228896,0.016024073382288957,0.000338500000000002,461
0.04098,0.01642626819403494,0.01608776819403495,0.0003384999999999916,462
0.04105571428571429,0.01649016509851709,0.0161516650985171,0.0003384999999999916,463
0.04113142857142857,0.01655426501873567,0.016215765018735666,0.00033850000000000546,464
0.04120714285714285,0.016618568885785293,0.016280068885785287,0.00033850000000000546,465
0.04128285714285714,0.0166830776389534,0.016344577638953403,0.0003384999999999985,466
0.04135857142857143,0.01674779222582035,0.01640929222582034,0.00033850000000000893,467
0.04143428571428572,0.01681271360236084,0.016474213602360815,0.0003385000000000263,468
0.04151,0.01687784273304732,0.016539342733047323,0.0003384999999999985,469
0.04158571428571428,0.016943180590954933,0.016604680590954934,0.0003384999999999985,470
0.04166142857142857,0.017008728157867962,0.016670228157867964,0.0003384999999999985,471
0.04173714285714285,0.017074486424388392,0.01673598642438838,0.0003385000000000124,472
0.04181285714285714,0.01714045639004582,0.016801956390045822,0.0003384999999999985,473
0.04188857142857143,0.017239639063409598,0.0168681390634096,0.00037149999999999683,474
0.04196428571428571,0.01730603546220235,0.016934535462202346,0.00037150000000000377,475
0.04204,0.01737264661341582,0.01700114661341582,0.0003715000000000003,476
0.04211571428571428,0.01743947355342828,0.017067973553428283,0.00037149999999999683,477
0.04219142857142857,0.017506517328124135,0.017135017328124134,0.0003715000000000003,478
0.04226714285714286,0.01757377899301532,0.017202278993015317,0.00037150000000000377,479
0.04234285714285714,0.017641259613364872,0.01726975961336487,0.00037150000000000377,480
0.04241857142857142,0.017708960264312564,0.017337460264312557,0.00037150000000000724,481
0.04249428571428571,0.01777688203100257,0.01740538203100256,0.0003715000000000107,482
0.04257,0.01784502600871338,0.01747352600871338,0.0003715000000000003,483
0.04264571428571429,0.01791339330298988,0.01754189330298988,0.0003715000000000003,484
0.04272142857142857,0.017981985029777634,0.017610485029777634,0.0003715000000000003,485
0.04279714285714285,0.01805080231555967,0.01767930231555967,0.0003715000000000003,486
0.04287285714285714,0.01811984629749533,0.017748346297495332,0.00037149999999999683,487
0.04294857142857143,0.01818911812356168,0.017817618123561675,0.00037150000000000377,488
0.04302428571428571,0.018258618952697328,0.01788711895269733,0.00037149999999999683,489
0.0431,0.01836134995494889,0.017956849954948888,0.0004045000000000021,490
0.04317571428571428,0.018431312311619708,0.018026812311619705,0.0004045000000000021,491
0.04325142857142857,0.018501507215421417,0.018097007215421415,0.0004045000000000021,492
0.04332714285714286,0.01857193587062808,0.018167435870628086,0.00040449999999999514,493
0.04340285714285714,0.018642599493233138,0.018238099493233143,0.00040449999999999514,494
0.04347857142857143,0.01871349931110898,0.01830899931110898,0.0004045000000000021,495
0.04355428571428571,0.01878463656416949,0.018380136564169487,0.0004045000000000021,496
0.04363,0.01885601250453544,0.01845151250453541,0.00040450000000002984,497
0.04370571428571429,0.01892762839670287,0.01852312839670288,0.00040449999999999167,498
0.04378142857142857,0.01899948551771452,0.01859498551771452,0.0004045000000000021,499
0.04385714285714286,0.01907158515733426,0.018667085157334257,0.0004045000000000021,500
0.04393285714285714,0.01914392861822488,0.018739428618224876,0.0004045000000000021,501
0.04400857142857142,0.01921651721612882,0.018812017216128817,0.0004045000000000021,502
0.04408428571428571,0.01928935228005266,0.01888485228005267,0.00040449999999999167,503
0.04416,0.019362435152454498,0.018957935152454503,0.00040449999999999514,504
0.04423571428571428,0.01943576718943507,0.01903126718943507,0.0004045000000000021,505
0.04431142857142857,0.019542349760932498,0.019104849760932498,0.0004375000000000004,506
0.04438714285714285,0.01961618425092038,0.019178684250920383,0.0004374999999999969,507
0.04446285714285714,0.01969027205760979,0.0192527720576098,0.00043749999999999,508
0.04453857142857143,0.01976461459365499,0.019327114593654993,0.0004374999999999969,509
0.04461428571428571,0.01983921328636308,0.01940171328636308,0.0004375000000000004,510
0.04469,0.019914069577907548,0.019476569577907547,0.0004375000000000004,511
0.04476571428571428,0.0199891849255459,0.01955168492554591,0.00043749999999999,512
0.04484142857142857,0.020064560801841505,0.019627060801841505,0.0004375000000000004,513
0.04491714285714286,0.02014019869488952,0.01970269869488952,0.0004375000000000004,514
0.04499285714285714,0.02021610010854739,0.019778600108547394,0.0004374999999999969,515
0.04506857142857142,0.020292266562669685,0.019854766562669685,0.0004375000000000004,516
0.04514428571428571,0.02036869959334751,0.019931199593347507,0.00043750000000000386,517
0.04522,0.02044540075315247,0.020007900753152466,0.00043750000000000386,518
0.04529571428571429,0.020522371611385724,0.02008487161138575,0.00043749999999997263,519
0.04537142857142857,0.02059961375433168,0.020162113754331676,0.00043750000000000386,520
0.04544714285714285,0.020677128785516655,0.020239628785516654,0.0004375000000000004,521
0.04552285714285714,0.020754918325972906,0.020317418325972905,0.0004375000000000004,522
0.04559857142857143,0.02083298401450782,0.020395484014507845,0.0004374999999999761,523
0.04567428571428571,0.02091132750797841,0.02047382750797841,0.0004375000000000004,524
0.04575,0.02098995048157145,0.02055245048157145,0.0004375000000000004,525
0.04582571428571428,0.02110185462908917,0.020631354629089167,0.00047050000000000217,526
0.04590142857142857,0.02118104166324096,0.02071054166324096,0.0004704999999999987,527
0.04597714285714286,0.021260513315940748,0.020790013315940742,0.00047050000000000564,528
0.04605285714285714,0.021340271338610592,0.020869771338610586,0.00047050000000000564,529
0.04612857142857143,0.02142031750249062,0.02094981750249062,0.0004704999999999987,530
0.04620428571428571,0.021500653598955213,0.021030153598955215,0.0004704999999999987,531
0.04627999999999999,0.02158128143983594,0.021110781439835948,0.00047049999999999176,532
0.04635571428571428,0.021662202857751,0.02119170285775101,0.00047049999999999176,533
0.04643142857142857,0.0217434197064418,0.021272919706441802,0.0004704999999999987,534
0.04650714285714286,0.021824933861116502,0.021354433861116504,0.0004704999999999987,535
0.04658285714285714,0.02190674721880089,0.021436247218800893,0.0004704999999999987,536
0.04665857142857142,0.021988861698696682,0.021518361698696684,0.0004704999999999987,537
0.04673428571428571,0.02207127924254745,0.021600779242547455,0.00047049999999999523,538
0.04681,0.022154001815012578,0.02168350181501258,0.0004704999999999987,539
0.04688571428571428,0.022237031404049062,0.021766531404049064,0.0004704999999999987,540
0.04696142857142857,0.022320370021301772,0.021849870021301773,0.0004704999999999987,541
0.04703714285714285,0.02240401970250209,0.021933519702502097,0.00047049999999999176,542
0.04711285714285714,0.02248798250787544,0.022017482507875448,0.00047049999999999176,543
0.04718857142857143,0.02257226052255756,0.022101760522557558,0.00047050000000000217,544
0.04726428571428571,0.022656855857020132,0.022186355857020126,0.00047050000000000564,545
0.04734,0.02274177064750606,0.02227127064750606,0.00047050000000000217,546
0.04741571428571428,0.02282700705647395,0.022356507056473948,0.00047050000000000217,547
0.04749142857142857,0.022912567273053082,0.02244206727305307,0.0004705000000000126,548
0.04756714285714286,0.022998453513508453,0.022527953513508447,0.00047050000000000564,549
0.04764285714285714,0.023084668021716367,0.02261416802171637,0.0004704999999999987,550
0.04771857142857143,0.02317121306965076,0.02270071306965076,0.0004704999999999987,551
0.04779428571428571,0.02325809095788104,0.022787590957881042,0.0004704999999999987,552
0.04787,0.0233453040160808,0.02287480401608081,0.00047049999999999176,553
0.04794571428571429,0.023432854603549054,0.022962354603549083,0.00047049999999997094,554
0.04802142857142857,0.023520745109742863,0.023050245109742865,0.0004704999999999987,555
0.04809714285714285,0.02360897795482298,0.023138477954822982,0.0004704999999999987,556
0.04817285714285714,0.023697555590212083,0.023227055590212084,0.0004704999999999987,557
0.04824857142857143,0.02378648049916615,0.02331598049916614,0.0004705000000000126,558
0.04832428571428572,0.023875755197359703,0.023405255197359698,0.00047050000000000564,559
0.0484,0.0239653822334847,0.0234948822334847,0.00047050000000000217,560
0.04847571428571428,0.02405536418986407,0.023584864189864073,0.0004704999999999987,561
0.04855142857142857,0.024145703683080014,0.023675203683080015,0.0004704999999999987,562
0.04862714285714285,0.024236403364617354,0.023765903364617327,0.00047050000000002645,563
0.04870285714285714,0.02436046592152307,0.023856965921523067,0.0005035000000000039,564
0.04877857142857143,0.024451894077081468,0.02394839407708147,0.000503499999999997,565
0.04885428571428571,0.0245436905915066,0.024040190591506604,0.000503499999999997,566
0.04893,0.02463585826265141,0.024132358262651407,0.0005035000000000039,567
0.04900571428571428,0.02472839992673464,0.02422489992673465,0.0005034999999999901,568
0.04908142857142857,0.024821318459086545,0.024317818459086545,0.0005035000000000005,569
0.04915714285714286,0.024914616774912718,0.02441111677491272,0.000503499999999997,570
0.04923285714285714,0.025041297830077677,0.024504797830077675,0.0005365000000000023,571
0.04930857142857142,0.02513536462190845,0.02459886462190848,0.0005364999999999676,572
0.04938428571428571,0.025229820190019007,0.024693320190019,0.0005365000000000092,573
0.04946,0.02532466761715542,0.024788167617155417,0.0005365000000000023,574
0.04953571428571429,0.02541991003006355,0.02488341003006355,0.0005364999999999988,575
0.04961142857142857,0.02551555060037941,0.02497905060037941,0.0005365000000000023,576
0.04968714285714285,0.02561159254554248,0.02507509254554248,0.0005365000000000023,577
0.04976285714285714,0.025708039129733712,0.02517153912973371,0.0005365000000000023,578
0.04983857142857143,0.025804893664838187,0.02526839366483819,0.0005364999999999953,579
0.04991428571428571,0.02593515951143371,0.025365659511433714,0.0005694999999999971,580
0.04999,0.02603284007980597,0.02546334007980597,0.0005695000000000006,581
0.05006571428571428,0.026130938830991247,0.025561438830991247,0.0005695000000000006,582
0.05014142857142857,0.02622945927784752,0.025659959277847512,0.0005695000000000075,583
0.05021714285714286,0.02632840498615507,0.025758904986155073,0.0005694999999999971,584
0.05029285714285714,0.02642777957574724,0.02585827957574724,0.0005695000000000006,585
0.05036857142857143,0.026527586721673088,0.025958086721673088,0.0005695000000000006,586
0.05044428571428571,0.02662783015539183,0.02605833015539183,0.0005695000000000006,587
0.05052,0.0267285136660016,0.026159013666001624,0.0005694999999999763,588
0.05059571428571429,0.02682964110150263,0.026260141101502633,0.0005694999999999971,589
0.05067142857142857,0.02693121637009641,0.026361716370096412,0.0005694999999999971,590
0.05074714285714285,0.02703324344152221,0.026463743441522206,0.000569500000000004,591
0.05082285714285714,0.02713572634843225,0.026566226348432247,0.000569500000000004,592
0.05089857142857142,0.02723866918780668,0.02666916918780665,0.0005695000000000283,593
0.05097428571428572,0.02737507612241001,0.026772576122410005,0.0006025000000000058,594
0.05105,0.027478951382290312,0.026876451382290313,0.0006024999999999989,595
0.05112571428571428,0.02758329926632313,0.02698079926632313,0.0006024999999999989,596
0.05120142857142857,0.027688124143801132,0.027085624143801126,0.0006025000000000058,597
0.05127714285714285,0.027793430456071543,0.02719093045607153,0.0006025000000000127,598
0.05135285714285714,0.027899222718223482,0.027296722718223476,0.0006025000000000058,599
0.05142857142857143,0.028005505520826028,0.02740300552082603,0.0006024999999999989,600
0.05150428571428571,0.028112283531720142,0.027509783531720136,0.0006025000000000058,601
0.05158,0.02821956149786552,0.027617061497865518,0.0006025000000000023,602
0.05165571428571428,0.028327344247245118,0.027724844247245126,0.0006024999999999919,603
0.05173142857142857,0.02843563669082906,0.027833136690829062,0.0006024999999999989,604
0.05180714285714286,0.0285444438246006,0.0279419438246006,0.0006024999999999989,605
0.05188285714285714,0.02865377073164637,0.02805127073164637,0.0006024999999999989,606
0.05195857142857142,0.028763622584313392,0.028161122584313386,0.0006025000000000058,607
0.05203428571428571,0.028874004646435712,0.028271504646435713,0.0006024999999999989,608
0.05211,0.028984922275633082,0.028382422275633076,0.0006025000000000058,609
0.05218571428571429,0.02909638092568484,0.02849388092568484,0.0006024999999999989,610
0.05226142857142857,0.029208386148981982,0.028605886148981984,0.0006024999999999989,611
0.05233714285714285,0.02932094359906058,0.028718443599060582,0.0006024999999999989,612
0.05241285714285714,0.02943405903321964,0.028831559033219642,0.0006024999999999989,613
0.05248857142857143,0.029547738315227272,0.028945238315227308,0.0006024999999999642,614
0.05256428571428571,0.029661987418118672,0.029059487418118667,0.0006025000000000058,615
0.05264,0.02977681242708964,0.029174312427089635,0.0006025000000000058,616
0.05271571428571428,0.02989221954248983,0.02928971954248983,0.0006024999999999989,617
0.05279142857142857,0.03000821508291989,0.029405715082919892,0.0006024999999999989,618
0.05286714285714286,0.03012480548843707,0.02952230548843706,0.0006025000000000093,619
0.05294285714285714,0.030241997323873393,0.029639497323873394,0.0006024999999999989,620
0.05301857142857143,0.03035979728227264,0.029757297282272638,0.0006025000000000023,621
0.05309428571428571,0.030478212188449642,0.029875712188449637,0.0006025000000000058,622
0.05317,0.03059724900267852,0.029994749002678553,0.0006024999999999676,623
0.05324571428571429,0.0307169148245153,0.03011441482451529,0.0006025000000000127,624
0.05332142857142857,0.03083721689676054,0.030234716896760536,0.0006025000000000058,625
0.05339714285714286,0.03095816260956915,0.03035566260956915,0.0006024999999999989,626
0.05347285714285714,0.031046759504713008,0.030477259504713007,0.0005695000000000006,627
0.05354857142857142,0.03116901528000477,0.030599515280004777,0.0005694999999999936,628
0.05362428571428571,0.03129193779388892,0.030722437793888883,0.0005695000000000353,629
0.0537,0.03141553507020893,0.030846035070208937,0.0005694999999999936,630
0.05377571428571428,0.0315398153031589,0.030970315303158892,0.0005695000000000075,631
0.05385142857142857,0.03166478686242717,0.031095286862427175,0.0005694999999999971,632
0.05392714285714285,0.031790458298543295,0.031220958298543305,0.0005694999999999902,633
0.05400285714285714,0.03191683834843595,0.03134733834843596,0.0005694999999999867,634
0.05407857142857143,0.03204393594121388,0.03147443594121388,0.0005695000000000006,635
0.05415428571428571,0.03217176020417993,0.03160226020417992,0.0005695000000000075,636
0.05423,0.03230032046909012,0.03173082046909012,0.0005695000000000006,637
0.05430571428571428,0.032429626278670215,0.03186012627867017,0.0005695000000000422,638
0.05438142857142857,0.032559687393402315,0.031990187393402314,0.0005695000000000006,639
0.05445714285714286,0.03269051379859633,0.03212101379859633,0.0005695000000000006,640
0.05453285714285714,0.03282211571175961,0.03225261571175961,0.0005695000000000006,641
0.05460857142857142,0.03295450359028203,0.03238500359028203,0.0005695000000000006,642
0.05468428571428571,0.033087688139451656,0.032518188139451655,0.0005695000000000006,643
0.05476,0.03322168032081947,0.032652180320819506,0.0005694999999999659,644
0.05483571428571429,0.0333564913609318,0.0327869913609318,0.0005695000000000006,645
0.05491142857142857,0.033492132760449975,0.032922632760449974,0.0005695000000000006,646
0.05498714285714285,0.0336286163036794,0.0330591163036794,0.0005695000000000006,647
0.05506285714285714,0.0337659540685295,0.0331964540685295,0.0005695000000000006,648
0.05513857142857143,0.03390415843692961,0.033334658436929614,0.0005694999999999936,649
0.05521428571428571,0.034043242105726436,0.033473742105726435,0.0005695000000000006,650
0.05529,0.03418321809809017,0.03361371809809017,0.0005695000000000006,651
0.05536571428571428,0.03432409977545922,0.03375459977545922,0.0005695000000000006,652
0.05544142857142857,0.03446590085005455,0.03389640085005455,0.0005695000000000006,653
0.05551714285714286,0.03454263539799732,0.0340391353979973,0.0005035000000000178,654
0.05559285714285714,0.03468631787306632,0.03418281787306632,0.0005035000000000039,655
0.05566857142857143,0.034863963121133115,0.03432746312113312,0.0005364999999999953,656
0.05574428571428571,0.03494358639531625,0.03447308639531625,0.0004704999999999987,657
0.05581999999999999,0.035123203371899656,0.03461970337189962,0.0005035000000000386,658
0.05589571428571428,0.03530383016706186,0.03476733016706187,0.0005364999999999884,659
0.05597142857142857,0.03545248335446801,0.03491598335446801,0.0005365000000000023,660
0.05604714285714286,0.035602179983779306,0.03506567998377931,0.0005364999999999953,661
0.05612285714285714,0.03575293760013905,0.035216437600139046,0.0005365000000000023,662
0.05619857142857142,0.03590477426469969,0.035368274264699656,0.000536500000000037,663
0.05627428571428571,0.036057708576258965,0.035521208576258935,0.00053650000000003,664
0.05635,0.03621175969407991,0.035675259694079905,0.0005365000000000023,665
0.05642571428571428,0.03636694736197474,0.03583044736197474,0.0005364999999999953,666
0.05650142857142857,0.036556291933739604,0.035986791933739604,0.0005695000000000006,667
0.05657714285714285,0.036713814400033656,0.036144314400033614,0.0005695000000000422,668
0.05665285714285714,0.03687253641680445,0.03630303641680446,0.0005694999999999867,669
0.05672857142857143,0.03706548033536984,0.036462980335369835,0.0006025000000000058,670
0.05680428571428571,0.036500669234276056,0.03662416923427606,-0.00012350000000000555,671
0.05688,0.03738912695306215,0.036786626953062146,0.0006025000000000058,672
0.05695571428571428,0.037552878128071704,0.0369503781280717,0.0006025000000000058,673
0.05703142857142857,0.037156948230466405,0.0371154482304664,4.150000000000681e-05,674
0.05710714285714286,0.0378843636066096,0.03728186360660961,0.0006024999999999919,675
0.05718285714285714,0.038019151521002145,0.03744965152100214,0.0005695000000000075,676
0.05725857142857143,0.03818834020197197,0.03761884020197197,0.0005695000000000006,677
0.05733428571428571,0.038358958890335394,0.037789458890335394,0.0005695000000000006,678
0.05741,0.03777203789127153,0.037961537891271574,-0.0001895000000000438,679
0.05748571428571429,0.038704608629672,0.03813510862967204,0.0005694999999999589,680
0.05756142857142857,0.0388467037092555,0.038310203709255496,0.0005365000000000023,681
0.05763714285714285,0.039023356975766074,0.03848685697576607,0.0005365000000000023,682
0.05771285714285714,0.03870660358460441,0.03866510358460441,4.149999999999987e-05,683
0.05778857142857143,0.039315480073279924,0.03884498007327991,0.0004705000000000126,684
0.05786428571428572,0.03953002443910938,0.03902652443910942,0.0005034999999999554,685
0.05794,0.03954827622263621,0.0392097762226362,0.00033850000000000546,686
